PassengerId,Pclass,Name,Sex,Age,SibSp,Parch,Fare,Embarked,Survived,Cabin
1.0,3.0,"Braund, Mr. Owen Harris",male,22.0,1.0,0.0,7.25,S,0.0,
2.0,1.0,"Cumings, Mrs. John Bradley (Florence Briggs Thayer)",female,38.0,1.0,0.0,71.2833,C,1.0,C85
3.0,3.0,"Heikkinen, Miss. Laina",female,26.0,0.0,0.0,7.925,S,1.0,
4.0,1.0,"Futrelle, Mrs. Jacques Heath (Lily May Peel)",female,35.0,1.0,0.0,53.1,S,1.0,C123
5.0,3.0,"Allen, Mr. William Henry",male,35.0,0.0,0.0,8.05,S,0.0,
6.0,3.0,"Moran, Mr. James",male,,0.0,0.0,8.4583,Q,0.0,
7.0,1.0,"McCarthy, Mr. Timothy J",male,54.0,0.0,0.0,51.8625,S,0.0,E46
8.0,3.0,"Palsson, Master. Gosta Leonard",male,2.0,3.0,1.0,21.075,S,0.0,
9.0,3.0,"Johnson, Mrs. Oscar W (Elisabeth Vilhelmina Berg)",female,27.0,0.0,2.0,11.1333,S,1.0,
10.0,2.0,"Nasser, Mrs. Nicholas (Adele Achem)",female,14.0,1.0,0.0,30.0708,C,1.0,
11.0,3.0,"Sandstrom, Miss. Marguerite Rut",female,4.0,1.0,1.0,16.7,S,1.0,G6
12.0,1.0,"Bonnell, Miss. Elizabeth",female,58.0,0.0,0.0,26.55,S,1.0,C103
13.0,3.0,"Saundercock, Mr. William Henry",male,20.0,0.0,0.0,8.05,S,0.0,
14.0,3.0,"Andersson, Mr. Anders Johan",male,39.0,1.0,5.0,31.275,S,0.0,
15.0,3.0,"Vestrom, Miss. Hulda Amanda Adolfina",female,14.0,0.0,0.0,7.8542,S,0.0,
16.0,2.0,"Hewlett, Mrs. (Mary D Kingcome) ",female,55.0,0.0,0.0,16.0,S,1.0,
17.0,3.0,"Rice, Master. Eugene",male,2.0,4.0,1.0,29.125,Q,0.0,
18.0,2.0,"Williams, Mr. Charles Eugene",male,,0.0,0.0,13.0,S,1.0,
19.0,3.0,"Vander Planke, Mrs. Julius (Emelia Maria Vandemoortele)",female,31.0,1.0,0.0,18.0,S,0.0,
20.0,3.0,"Masselmani, Mrs. Fatima",female,,0.0,0.0,7.225,C,1.0,
21.0,2.0,"Fynney, Mr. Joseph J",male,35.0,0.0,0.0,26.0,S,0.0,
22.0,2.0,"Beesley, Mr. Lawrence",male,34.0,0.0,0.0,13.0,S,1.0,D56
23.0,3.0,"McGowan, Miss. Anna ""Annie""",female,15.0,0.0,0.0,8.0292,Q,1.0,
24.0,1.0,"Sloper, Mr. William Thompson",male,28.0,0.0,0.0,35.5,S,1.0,A6
25.0,3.0,"Palsson, Miss. Torborg Danira",female,8.0,3.0,1.0,21.075,S,0.0,
26.0,3.0,"Asplund, Mrs. Carl Oscar (Selma Augusta Emilia Johansson)",female,38.0,1.0,5.0,31.3875,S,1.0,
27.0,3.0,"Emir, Mr. Farred Chehab",male,,0.0,0.0,7.225,C,0.0,
28.0,1.0,"Fortune, Mr. Charles Alexander",male,19.0,3.0,2.0,263.0,S,0.0,C23 C25 C27
29.0,3.0,"O'Dwyer, Miss. Ellen ""Nellie""",female,,0.0,0.0,7.8792,Q,1.0,
30.0,3.0,"Todoroff, Mr. Lalio",male,,0.0,0.0,7.8958,S,0.0,
31.0,1.0,,male,40.0,0.0,0.0,27.7208,C,0.0,
32.0,1.0,"Spencer, Mrs. William Augustus (Marie Eugenie)",female,,1.0,0.0,146.5208,C,1.0,B78
33.0,3.0,"Glynn, Miss. Mary Agatha",female,,0.0,0.0,7.75,Q,1.0,
34.0,,"Wheadon, Mr. Edward H",male,66.0,0.0,0.0,10.5,S,0.0,
35.0,1.0,"Meyer, Mr. Edgar Joseph",male,28.0,1.0,0.0,82.1708,C,0.0,
36.0,1.0,"Holverson, Mr. Alexander Oskar",male,42.0,1.0,0.0,52.0,S,0.0,
37.0,3.0,"Mamee, Mr. Hanna",male,,0.0,0.0,7.2292,C,1.0,
38.0,3.0,"Cann, Mr. Ernest Charles",male,21.0,0.0,0.0,8.05,S,0.0,
39.0,3.0,"Vander Planke, Miss. Augusta Maria",female,18.0,2.0,0.0,18.0,S,0.0,
40.0,3.0,"Nicola-Yarred, Miss. Jamila",female,14.0,1.0,0.0,11.2417,C,1.0,
41.0,3.0,"Ahlin, Mrs. Johan (Johanna Persdotter Larsson)",female,40.0,1.0,0.0,9.475,S,0.0,
42.0,2.0,"Turpin, Mrs. William John Robert (Dorothy Ann Wonnacott)",female,27.0,1.0,0.0,21.0,S,0.0,
43.0,3.0,"Kraeff, Mr. Theodor",male,,0.0,0.0,7.8958,C,0.0,
44.0,2.0,"Laroche, Miss. Simonne Marie Anne Andree",female,3.0,1.0,2.0,41.5792,C,1.0,
45.0,3.0,"Devaney, Miss. Margaret Delia",female,19.0,0.0,0.0,7.8792,Q,1.0,
46.0,3.0,"Rogers, Mr. William John",male,,0.0,0.0,8.05,S,0.0,
47.0,3.0,"Lennon, Mr. Denis",male,,1.0,0.0,15.5,Q,0.0,
48.0,3.0,"O'Driscoll, Miss. Bridget",female,,0.0,0.0,7.75,Q,1.0,
49.0,3.0,"Samaan, Mr. Youssef",male,,2.0,0.0,21.6792,C,0.0,
50.0,3.0,"Arnold-Franchi, Mrs. Josef (Josefine Franchi)",female,18.0,1.0,0.0,17.8,S,0.0,
51.0,3.0,"Panula, Master. Juha Niilo",male,7.0,4.0,1.0,39.6875,S,0.0,
52.0,3.0,"Nosworthy, Mr. Richard Cater",male,21.0,0.0,0.0,7.8,S,0.0,
53.0,1.0,"Harper, Mrs. Henry Sleeper (Myna Haxtun)",female,49.0,1.0,0.0,76.7292,C,1.0,D33
54.0,2.0,"Faunthorpe, Mrs. Lizzie (Elizabeth Anne Wilkinson)",female,29.0,1.0,0.0,26.0,S,1.0,
55.0,1.0,"Ostby, Mr. Engelhart Cornelius",male,65.0,0.0,1.0,61.9792,C,0.0,B30
56.0,1.0,"Woolner, Mr. Hugh",male,,0.0,0.0,35.5,S,1.0,C52
57.0,2.0,"Rugg, Miss. Emily",female,21.0,0.0,0.0,10.5,S,1.0,
58.0,3.0,"Novel, Mr. Mansouer",male,28.5,0.0,0.0,7.2292,C,0.0,
59.0,2.0,"West, Miss. Constance Mirium",female,5.0,1.0,2.0,27.75,S,1.0,
60.0,3.0,"Goodwin, Master. William Frederick",male,11.0,5.0,2.0,46.9,S,0.0,
61.0,3.0,"Sirayanian, Mr. Orsen",male,22.0,0.0,0.0,7.2292,C,0.0,
62.0,1.0,"Icard, Miss. Amelie",female,38.0,0.0,0.0,80.0,,1.0,B28
63.0,1.0,"Harris, Mr. Henry Birkhardt",male,45.0,1.0,0.0,83.475,S,0.0,C83
64.0,3.0,"Skoog, Master. Harald",male,4.0,3.0,2.0,27.9,S,0.0,
65.0,1.0,"Stewart, Mr. Albert A",male,,0.0,0.0,27.7208,C,0.0,
66.0,3.0,"Moubarek, Master. Gerios",male,,1.0,1.0,15.2458,C,1.0,
67.0,2.0,"Nye, Mrs. (Elizabeth Ramell)",female,29.0,0.0,0.0,10.5,S,1.0,F33
68.0,3.0,"Crease, Mr. Ernest James",male,19.0,0.0,0.0,8.1583,S,0.0,
69.0,3.0,"Andersson, Miss. Erna Alexandra",female,17.0,,2.0,7.925,S,1.0,
70.0,3.0,"Kink, Mr. Vincenz",male,26.0,2.0,0.0,8.6625,S,0.0,
71.0,2.0,"Jenkin, Mr. Stephen Curnow",male,32.0,0.0,0.0,10.5,,0.0,
72.0,3.0,"Goodwin, Miss. Lillian Amy",female,16.0,5.0,2.0,46.9,S,0.0,
73.0,2.0,"Hood, Mr. Ambrose Jr",male,21.0,0.0,0.0,73.5,S,0.0,
74.0,3.0,"Chronopoulos, Mr. Apostolos",male,26.0,1.0,0.0,14.4542,C,0.0,
75.0,3.0,"Bing, Mr. Lee",male,32.0,0.0,0.0,56.4958,S,1.0,
76.0,3.0,"Moen, Mr. Sigurd Hansen",male,25.0,0.0,0.0,7.65,S,0.0,F G73
77.0,3.0,"Staneff, Mr. Ivan",male,,0.0,0.0,,S,0.0,
78.0,3.0,"Moutal, Mr. Rahamin Haim",male,,0.0,0.0,8.05,S,0.0,
79.0,2.0,"Caldwell, Master. Alden Gates",male,0.83,0.0,2.0,29.0,S,1.0,
80.0,3.0,"Dowdell, Miss. Elizabeth",female,30.0,0.0,0.0,12.475,,1.0,
81.0,3.0,"Waelens, Mr. Achille",male,22.0,0.0,,9.0,S,0.0,
82.0,3.0,"Sheerlinck, Mr. Jan Baptist",male,29.0,0.0,0.0,9.5,S,1.0,
83.0,3.0,"McDermott, Miss. Brigdet Delia",female,,0.0,,7.7875,Q,1.0,
84.0,1.0,"Carrau, Mr. Francisco M",male,28.0,0.0,0.0,47.1,S,0.0,
85.0,2.0,"Ilett, Miss. Bertha",female,17.0,0.0,0.0,10.5,S,1.0,
86.0,3.0,"Backstrom, Mrs. Karl Alfred (Maria Mathilda Gustafsson)",female,33.0,3.0,0.0,15.85,S,1.0,
87.0,3.0,"Ford, Mr. William Neal",,16.0,1.0,3.0,34.375,S,0.0,
88.0,3.0,"Slocovski, Mr. Selman Francis",male,,0.0,0.0,8.05,S,0.0,
89.0,1.0,"Fortune, Miss. Mabel Helen",female,23.0,3.0,2.0,263.0,S,1.0,C23 C25 C27
90.0,3.0,"Celotti, Mr. Francesco",male,24.0,0.0,0.0,8.05,S,0.0,
91.0,3.0,"Christmann, Mr. Emil",male,29.0,0.0,0.0,8.05,S,0.0,
92.0,3.0,"Andreasson, Mr. Paul Edvin",male,20.0,0.0,0.0,7.8542,S,0.0,
93.0,1.0,"Chaffee, Mr. Herbert Fuller",male,46.0,1.0,0.0,61.175,S,0.0,E31
94.0,3.0,"Dean, Mr. Bertram Frank",male,26.0,1.0,2.0,20.575,S,0.0,
,3.0,"Coxon, Mr. Daniel",male,59.0,0.0,0.0,7.25,S,0.0,
96.0,3.0,"Shorney, Mr. Charles Joseph",male,,0.0,0.0,8.05,S,0.0,
97.0,1.0,"Goldschmidt, Mr. George B",male,71.0,0.0,0.0,34.6542,C,0.0,A5
98.0,1.0,"Greenfield, Mr. William Bertram",male,23.0,0.0,1.0,63.3583,C,1.0,D10 D12
99.0,2.0,"Doling, Mrs. John T (Ada Julia Bone)",female,34.0,0.0,1.0,23.0,S,1.0,
100.0,2.0,"Kantor, Mr. Sinai",male,34.0,1.0,0.0,26.0,S,0.0,
101.0,3.0,"Petranec, Miss. Matilda",female,28.0,0.0,0.0,7.8958,S,0.0,
102.0,3.0,"Petroff, Mr. Pastcho (""Pentcho"")",male,,0.0,0.0,7.8958,S,0.0,
103.0,1.0,"White, Mr. Richard Frasar",male,21.0,0.0,1.0,77.2875,S,0.0,D26
104.0,3.0,"Johansson, Mr. Gustaf Joel",male,33.0,0.0,0.0,8.6542,S,0.0,
105.0,3.0,"Gustafsson, Mr. Anders Vilhelm",male,37.0,2.0,0.0,7.925,S,0.0,
106.0,3.0,"Mionoff, Mr. Stoytcho",male,28.0,0.0,0.0,7.8958,S,0.0,
107.0,3.0,"Salkjelsvik, Miss. Anna Kristine",female,21.0,0.0,0.0,7.65,S,1.0,
108.0,3.0,"Moss, Mr. Albert Johan",male,,0.0,0.0,7.775,S,1.0,
109.0,3.0,"Rekic, Mr. Tido",male,38.0,0.0,0.0,7.8958,S,0.0,
110.0,3.0,"Moran, Miss. Bertha",female,,1.0,0.0,24.15,Q,1.0,
111.0,1.0,"Porter, Mr. Walter Chamberlain",male,47.0,0.0,0.0,52.0,S,0.0,C110
112.0,3.0,"Zabour, Miss. Hileni",female,14.5,1.0,0.0,14.4542,C,0.0,
113.0,3.0,"Barton, Mr. David John",male,22.0,0.0,,8.05,S,0.0,
114.0,3.0,"Jussila, Miss. Katriina",female,20.0,1.0,0.0,9.825,S,0.0,
115.0,3.0,"Attalah, Miss. Malake",female,17.0,0.0,0.0,14.4583,C,0.0,
116.0,3.0,"Pekoniemi, Mr. Edvard",male,21.0,0.0,0.0,7.925,S,0.0,
117.0,3.0,"Connors, Mr. Patrick",male,70.5,0.0,0.0,7.75,Q,0.0,
118.0,2.0,"Turpin, Mr. William John Robert",male,29.0,1.0,0.0,21.0,S,0.0,
119.0,1.0,"Baxter, Mr. Quigg Edmond",male,24.0,0.0,1.0,247.5208,C,0.0,B58 B60
120.0,3.0,"Andersson, Miss. Ellis Anna Maria",female,2.0,4.0,2.0,31.275,S,0.0,
121.0,2.0,"Hickman, Mr. Stanley George",male,21.0,2.0,0.0,73.5,S,0.0,
122.0,3.0,"Moore, Mr. Leonard Charles",male,,0.0,0.0,8.05,S,0.0,
123.0,2.0,"Nasser, Mr. Nicholas",male,32.5,1.0,0.0,30.0708,C,0.0,
124.0,2.0,"Webber, Miss. Susan",female,32.5,0.0,0.0,13.0,S,1.0,E101
125.0,1.0,"White, Mr. Percival Wayland",male,54.0,0.0,1.0,77.2875,S,0.0,D26
126.0,3.0,"Nicola-Yarred, Master. Elias",male,12.0,1.0,0.0,11.2417,C,1.0,
127.0,3.0,"McMahon, Mr. Martin",male,,0.0,0.0,7.75,Q,0.0,
128.0,3.0,"Madsen, Mr. Fridtjof Arne",male,24.0,0.0,0.0,7.1417,S,1.0,
129.0,3.0,"Peter, Miss. Anna",female,,1.0,1.0,22.3583,C,1.0,F E69
130.0,3.0,"Ekstrom, Mr. Johan",male,45.0,0.0,0.0,6.975,S,0.0,
131.0,3.0,"Drazenoic, Mr. Jozef",male,33.0,0.0,0.0,7.8958,C,0.0,
132.0,3.0,"Coelho, Mr. Domingos Fernandeo",male,20.0,0.0,0.0,7.05,S,0.0,
133.0,3.0,"Robins, Mrs. Alexander A (Grace Charity Laury)",female,47.0,1.0,0.0,14.5,S,0.0,
134.0,2.0,"Weisz, Mrs. Leopold (Mathilde Francoise Pede)",female,29.0,1.0,0.0,26.0,S,1.0,
135.0,2.0,"Sobey, Mr. Samuel James Hayden",male,25.0,0.0,0.0,13.0,S,0.0,
136.0,2.0,"Richard, Mr. Emile",male,23.0,0.0,0.0,15.0458,C,0.0,
137.0,1.0,"Newsom, Miss. Helen Monypeny",female,19.0,0.0,2.0,26.2833,S,1.0,D47
138.0,1.0,"Futrelle, Mr. Jacques Heath",male,37.0,1.0,0.0,53.1,S,0.0,C123
139.0,3.0,"Osen, Mr. Olaf Elon",male,16.0,0.0,0.0,9.2167,S,0.0,
140.0,1.0,"Giglio, Mr. Victor",male,24.0,0.0,0.0,79.2,C,0.0,B86
141.0,3.0,"Boulos, Mrs. Joseph (Sultana)",female,,0.0,2.0,15.2458,C,0.0,
142.0,3.0,"Nysten, Miss. Anna Sofia",female,22.0,0.0,0.0,7.75,S,1.0,
143.0,3.0,"Hakkarainen, Mrs. Pekka Pietari (Elin Matilda Dolck)",female,24.0,1.0,0.0,15.85,S,1.0,
144.0,3.0,"Burke, Mr. Jeremiah",male,19.0,0.0,0.0,6.75,Q,,
145.0,2.0,"Andrew, Mr. Edgardo Samuel",male,18.0,0.0,0.0,11.5,S,0.0,
146.0,2.0,"Nicholls, Mr. Joseph Charles",male,19.0,1.0,1.0,36.75,S,0.0,
147.0,3.0,"Andersson, Mr. August Edvard (""Wennerstrom"")",male,27.0,0.0,0.0,7.7958,S,1.0,
148.0,3.0,"Ford, Miss. Robina Maggie ""Ruby""",female,9.0,2.0,2.0,34.375,,0.0,
149.0,2.0,"Navratil, Mr. Michel (""Louis M Hoffman"")",male,,0.0,2.0,26.0,S,0.0,F2
150.0,2.0,"Byles, Rev. Thomas Roussel Davids",male,42.0,0.0,0.0,13.0,S,0.0,
151.0,2.0,"Bateman, Rev. Robert James",male,51.0,0.0,0.0,12.525,S,0.0,
152.0,1.0,"Pears, Mrs. Thomas (Edith Wearne)",female,22.0,1.0,0.0,66.6,S,1.0,C2
153.0,3.0,"Meo, Mr. Alfonzo",male,55.5,0.0,0.0,8.05,S,0.0,
154.0,3.0,"van Billiard, Mr. Austin Blyler",male,40.5,0.0,2.0,14.5,S,0.0,
155.0,3.0,"Olsen, Mr. Ole Martin",male,,0.0,0.0,7.3125,S,0.0,
156.0,1.0,"Williams, Mr. Charles Duane",male,51.0,0.0,1.0,61.3792,C,0.0,
157.0,3.0,"Gilnagh, Miss. Katherine ""Katie""",female,16.0,0.0,0.0,7.7333,Q,1.0,
158.0,3.0,"Corn, Mr. Harry",male,30.0,0.0,0.0,8.05,S,0.0,
159.0,3.0,"Smiljanic, Mr. Mile",male,,0.0,0.0,8.6625,S,0.0,
160.0,3.0,"Sage, Master. Thomas Henry",male,,8.0,2.0,69.55,S,0.0,
161.0,3.0,"Cribb, Mr. John Hatfield",male,44.0,0.0,1.0,16.1,S,0.0,
162.0,2.0,"Watt, Mrs. James (Elizabeth ""Bessie"" Inglis Milne)",female,40.0,0.0,0.0,15.75,S,1.0,
163.0,3.0,"Bengtsson, Mr. John Viktor",male,26.0,0.0,0.0,7.775,S,0.0,
164.0,3.0,"Calic, Mr. Jovo",male,17.0,0.0,0.0,8.6625,S,0.0,
165.0,3.0,"Panula, Master. Eino Viljami",male,1.0,4.0,1.0,39.6875,S,0.0,
166.0,3.0,"Goldsmith, Master. Frank John William ""Frankie""",male,9.0,0.0,2.0,20.525,S,1.0,
167.0,1.0,"Chibnall, Mrs. (Edith Martha Bowerman)",female,,0.0,1.0,55.0,S,1.0,E33
168.0,3.0,"Skoog, Mrs. William (Anna Bernhardina Karlsson)",female,45.0,1.0,4.0,27.9,S,0.0,
169.0,1.0,"Baumann, Mr. John D",male,,0.0,0.0,25.925,S,0.0,
170.0,3.0,"Ling, Mr. Lee",male,28.0,0.0,0.0,56.4958,S,0.0,
171.0,1.0,"Van der hoef, Mr. Wyckoff",male,61.0,0.0,0.0,33.5,S,0.0,B19
172.0,3.0,"Rice, Master. Arthur",male,4.0,4.0,1.0,29.125,Q,0.0,
173.0,3.0,"Johnson, Miss. Eleanor Ileen",female,1.0,1.0,1.0,11.1333,S,1.0,
174.0,3.0,"Sivola, Mr. Antti Wilhelm",male,21.0,0.0,0.0,7.925,S,0.0,
175.0,1.0,"Smith, Mr. James Clinch",male,56.0,0.0,0.0,30.6958,C,0.0,A7
176.0,3.0,"Klasen, Mr. Klas Albin",male,18.0,1.0,1.0,7.8542,S,0.0,
177.0,3.0,"Lefebre, Master. Henry Forbes",male,,3.0,1.0,25.4667,S,0.0,
178.0,1.0,"Isham, Miss. Ann Elizabeth",female,50.0,0.0,0.0,28.7125,C,0.0,C49
179.0,2.0,"Hale, Mr. Reginald",male,30.0,0.0,0.0,13.0,S,0.0,
180.0,,"Leonard, Mr. Lionel",male,36.0,0.0,0.0,0.0,S,0.0,
181.0,3.0,"Sage, Miss. Constance Gladys",female,,8.0,2.0,69.55,S,0.0,
182.0,2.0,"Pernot, Mr. Rene",male,,0.0,0.0,15.05,C,0.0,
183.0,3.0,"Asplund, Master. Clarence Gustaf Hugo",male,9.0,4.0,2.0,31.3875,S,0.0,
184.0,2.0,"Becker, Master. Richard F",male,1.0,2.0,1.0,39.0,S,1.0,F4
185.0,3.0,"Kink-Heilmann, Miss. Luise Gretchen",female,4.0,0.0,2.0,22.025,S,1.0,
186.0,1.0,"Rood, Mr. Hugh Roscoe",male,,0.0,0.0,50.0,S,0.0,A32
187.0,3.0,"O'Brien, Mrs. Thomas (Johanna ""Hannah"" Godfrey)",female,,1.0,0.0,15.5,Q,1.0,
188.0,1.0,"Romaine, Mr. Charles Hallace (""Mr C Rolmane"")",male,45.0,0.0,0.0,26.55,S,1.0,
189.0,3.0,"Bourke, Mr. John",male,40.0,1.0,1.0,15.5,Q,0.0,
190.0,3.0,"Turcin, Mr. Stjepan",male,36.0,0.0,0.0,7.8958,S,0.0,
191.0,2.0,"Pinsky, Mrs. (Rosa)",female,32.0,0.0,0.0,13.0,S,1.0,
192.0,2.0,"Carbines, Mr. William",male,19.0,0.0,0.0,13.0,S,0.0,
193.0,3.0,"Andersen-Jensen, Miss. Carla Christine Nielsine",female,19.0,1.0,0.0,7.8542,S,1.0,
194.0,2.0,"Navratil, Master. Michel M",male,3.0,1.0,1.0,26.0,S,1.0,F2
195.0,1.0,"Brown, Mrs. James Joseph (Margaret Tobin)",female,44.0,0.0,0.0,27.7208,C,1.0,B4
196.0,1.0,"Lurette, Miss. Elise",female,58.0,0.0,0.0,146.5208,C,1.0,B80
197.0,3.0,"Mernagh, Mr. Robert",male,,0.0,0.0,7.75,Q,0.0,
198.0,3.0,"Olsen, Mr. Karl Siegwart Andreas",male,42.0,0.0,1.0,8.4042,S,0.0,
199.0,3.0,"Madigan, Miss. Margaret ""Maggie""",female,,0.0,0.0,7.75,Q,1.0,
200.0,2.0,"Yrois, Miss. Henriette (""Mrs Harbeck"")",female,24.0,0.0,0.0,13.0,S,0.0,
201.0,3.0,"Vande Walle, Mr. Nestor Cyriel",male,28.0,0.0,0.0,9.5,S,0.0,
202.0,3.0,"Sage, Mr. Frederick",male,,8.0,2.0,69.55,S,0.0,
203.0,3.0,"Johanson, Mr. Jakob Alfred",male,34.0,0.0,0.0,6.4958,S,0.0,
204.0,3.0,"Youseff, Mr. Gerious",male,45.5,0.0,0.0,7.225,C,0.0,
205.0,3.0,"Cohen, Mr. Gurshon ""Gus""",male,18.0,0.0,0.0,8.05,S,1.0,
206.0,3.0,"Strom, Miss. Telma Matilda",female,2.0,0.0,1.0,10.4625,S,0.0,G6
207.0,3.0,"Backstrom, Mr. Karl Alfred",male,32.0,1.0,0.0,15.85,S,0.0,
208.0,3.0,"Albimona, Mr. Nassef Cassem",male,26.0,0.0,0.0,18.7875,C,1.0,
209.0,3.0,"Carr, Miss. Helen ""Ellen""",female,16.0,0.0,0.0,7.75,Q,1.0,
210.0,1.0,"Blank, Mr. Henry",male,40.0,0.0,0.0,31.0,C,1.0,A31
211.0,3.0,"Ali, Mr. Ahmed",male,24.0,0.0,0.0,7.05,S,0.0,
212.0,2.0,"Cameron, Miss. Clear Annie",female,35.0,0.0,0.0,21.0,S,1.0,
213.0,3.0,"Perkin, Mr. John Henry",,22.0,0.0,0.0,7.25,S,0.0,
214.0,2.0,"Givard, Mr. Hans Kristensen",male,30.0,0.0,0.0,,S,0.0,
215.0,3.0,"Kiernan, Mr. Philip",male,,1.0,0.0,7.75,Q,0.0,
216.0,1.0,"Newell, Miss. Madeleine",female,31.0,1.0,0.0,113.275,C,1.0,D36
217.0,3.0,"Honkanen, Miss. Eliina",female,27.0,0.0,0.0,7.925,S,1.0,
218.0,2.0,"Jacobsohn, Mr. Sidney Samuel",male,42.0,1.0,0.0,27.0,S,0.0,
219.0,,"Bazzani, Miss. Albina",female,32.0,0.0,0.0,76.2917,C,1.0,D15
220.0,2.0,"Harris, Mr. Walter",male,30.0,0.0,0.0,10.5,S,0.0,
221.0,3.0,"Sunderland, Mr. Victor Francis",male,16.0,0.0,0.0,8.05,S,1.0,
222.0,2.0,"Bracken, Mr. James H",male,27.0,0.0,0.0,13.0,S,0.0,
223.0,3.0,"Green, Mr. George Henry",male,51.0,0.0,0.0,8.05,S,0.0,
224.0,3.0,"Nenkoff, Mr. Christo",male,,0.0,0.0,7.8958,S,0.0,
225.0,1.0,"Hoyt, Mr. Frederick Maxfield",male,38.0,1.0,0.0,90.0,S,1.0,C93
226.0,3.0,"Berglund, Mr. Karl Ivar Sven",male,22.0,0.0,0.0,9.35,S,0.0,
227.0,2.0,"Mellors, Mr. William John",male,19.0,0.0,0.0,10.5,S,1.0,
228.0,3.0,"Lovell, Mr. John Hall (""Henry"")",male,20.5,0.0,0.0,7.25,S,0.0,
229.0,2.0,"Fahlstrom, Mr. Arne Jonas",male,18.0,0.0,0.0,13.0,S,0.0,
230.0,3.0,"Lefebre, Miss. Mathilde",female,,3.0,1.0,25.4667,S,0.0,
231.0,1.0,"Harris, Mrs. Henry Birkhardt (Irene Wallach)",female,35.0,1.0,0.0,83.475,S,1.0,C83
232.0,3.0,"Larsson, Mr. Bengt Edvin",male,29.0,0.0,0.0,7.775,S,0.0,
233.0,2.0,"Sjostedt, Mr. Ernst Adolf",male,59.0,0.0,0.0,13.5,S,0.0,
234.0,3.0,"Asplund, Miss. Lillian Gertrud",female,5.0,4.0,2.0,31.3875,S,1.0,
235.0,2.0,"Leyson, Mr. Robert William Norman",male,24.0,0.0,0.0,10.5,S,0.0,
236.0,3.0,"Harknett, Miss. Alice Phoebe",female,,0.0,0.0,7.55,S,0.0,
237.0,2.0,"Hold, Mr. Stephen",male,44.0,1.0,0.0,26.0,S,0.0,
238.0,2.0,"Collyer, Miss. Marjorie ""Lottie""",female,8.0,0.0,2.0,26.25,S,1.0,
239.0,2.0,"Pengelly, Mr. Frederick William",male,19.0,0.0,0.0,10.5,S,0.0,
240.0,2.0,"Hunt, Mr. George Henry",male,33.0,0.0,0.0,12.275,S,0.0,
241.0,3.0,"Zabour, Miss. Thamine",female,,1.0,0.0,14.4542,C,0.0,
242.0,3.0,"Murphy, Miss. Katherine ""Kate""",female,,1.0,0.0,15.5,Q,1.0,
243.0,2.0,"Coleridge, Mr. Reginald Charles",male,29.0,0.0,0.0,10.5,S,0.0,
244.0,3.0,"Maenpaa, Mr. Matti Alexanteri",male,22.0,0.0,0.0,7.125,S,0.0,
245.0,3.0,"Attalah, Mr. Sleiman",male,30.0,0.0,0.0,7.225,C,0.0,
246.0,1.0,"Minahan, Dr. William Edward",male,44.0,2.0,0.0,90.0,Q,0.0,C78
247.0,3.0,"Lindahl, Miss. Agda Thorilda Viktoria",female,,0.0,,7.775,,0.0,
248.0,2.0,"Hamalainen, Mrs. William (Anna)",female,24.0,0.0,2.0,14.5,S,1.0,
249.0,1.0,"Beckwith, Mr. Richard Leonard",male,37.0,1.0,1.0,52.5542,S,1.0,D35
250.0,2.0,"Carter, Rev. Ernest Courtenay",male,54.0,1.0,0.0,26.0,S,0.0,
251.0,3.0,"Reed, Mr. James George",male,,0.0,0.0,7.25,S,0.0,
252.0,3.0,"Strom, Mrs. Wilhelm (Elna Matilda Persson)",female,29.0,1.0,1.0,10.4625,S,0.0,G6
253.0,1.0,"Stead, Mr. William Thomas",male,62.0,0.0,0.0,26.55,S,0.0,C87
254.0,3.0,"Lobb, Mr. William Arthur",male,30.0,1.0,0.0,16.1,S,0.0,
255.0,3.0,"Rosblom, Mrs. Viktor (Helena Wilhelmina)",female,41.0,0.0,2.0,20.2125,S,0.0,
256.0,3.0,"Touma, Mrs. Darwis (Hanne Youssef Razi)",female,29.0,0.0,2.0,15.2458,C,1.0,
257.0,1.0,"Thorne, Mrs. Gertrude Maybelle",female,,0.0,0.0,79.2,C,1.0,
258.0,1.0,"Cherry, Miss. Gladys",female,30.0,0.0,0.0,86.5,S,1.0,B77
259.0,1.0,"Ward, Miss. Anna",female,35.0,0.0,0.0,512.3292,C,1.0,
260.0,2.0,"Parrish, Mrs. (Lutie Davis)",female,50.0,0.0,1.0,26.0,S,1.0,
261.0,3.0,"Smith, Mr. Thomas",male,,0.0,0.0,7.75,Q,0.0,
262.0,3.0,"Asplund, Master. Edvin Rojj Felix",male,3.0,4.0,2.0,31.3875,S,1.0,
263.0,1.0,"Taussig, Mr. Emil",male,52.0,1.0,1.0,79.65,S,0.0,E67
264.0,1.0,"Harrison, Mr. William",male,40.0,0.0,0.0,0.0,S,0.0,B94
265.0,3.0,"Henry, Miss. Delia",female,,0.0,0.0,7.75,Q,0.0,
266.0,2.0,"Reeves, Mr. David",male,36.0,0.0,0.0,10.5,S,0.0,
267.0,3.0,"Panula, Mr. Ernesti Arvid",male,16.0,4.0,1.0,39.6875,S,0.0,
268.0,3.0,"Persson, Mr. Ernst Ulrik",male,25.0,1.0,0.0,7.775,S,1.0,
269.0,1.0,"Graham, Mrs. William Thompson (Edith Junkins)",female,58.0,0.0,1.0,153.4625,S,1.0,C125
270.0,1.0,"Bissette, Miss. Amelia",female,35.0,0.0,0.0,135.6333,S,1.0,C99
271.0,1.0,"Cairns, Mr. Alexander",male,,0.0,0.0,31.0,S,0.0,
272.0,3.0,"Tornquist, Mr. William Henry",male,25.0,0.0,0.0,0.0,S,1.0,
273.0,2.0,"Mellinger, Mrs. (Elizabeth Anne Maidment)",female,41.0,0.0,1.0,19.5,S,1.0,
274.0,1.0,"Natsch, Mr. Charles H",male,37.0,0.0,1.0,29.7,C,0.0,C118
275.0,3.0,"Healy, Miss. Hanora ""Nora""",female,,0.0,0.0,7.75,Q,1.0,
276.0,1.0,"Andrews, Miss. Kornelia Theodosia",female,63.0,1.0,0.0,77.9583,S,1.0,D7
277.0,3.0,"Lindblom, Miss. Augusta Charlotta",female,45.0,0.0,0.0,7.75,S,0.0,
278.0,2.0,"Parkes, Mr. Francis ""Frank""",male,,0.0,0.0,0.0,S,0.0,
279.0,3.0,"Rice, Master. Eric",male,7.0,4.0,1.0,29.125,Q,0.0,
280.0,3.0,"Abbott, Mrs. Stanton (Rosa Hunt)",female,35.0,1.0,1.0,20.25,S,1.0,
281.0,3.0,"Duane, Mr. Frank",male,65.0,0.0,0.0,7.75,Q,0.0,
282.0,3.0,"Olsson, Mr. Nils Johan Goransson",male,28.0,0.0,0.0,7.8542,S,0.0,
283.0,3.0,"de Pelsmaeker, Mr. Alfons",male,16.0,0.0,0.0,9.5,S,0.0,
284.0,3.0,"Dorking, Mr. Edward Arthur",male,19.0,0.0,0.0,8.05,S,1.0,
285.0,1.0,"Smith, Mr. Richard William",male,,0.0,0.0,26.0,S,0.0,A19
286.0,3.0,"Stankovic, Mr. Ivan",male,33.0,0.0,0.0,8.6625,C,0.0,
287.0,,"de Mulder, Mr. Theodore",male,30.0,0.0,0.0,9.5,S,1.0,
288.0,3.0,"Naidenoff, Mr. Penko",male,22.0,0.0,0.0,7.8958,S,0.0,
289.0,2.0,"Hosono, Mr. Masabumi",male,42.0,0.0,0.0,13.0,S,1.0,
290.0,3.0,"Connolly, Miss. Kate",female,22.0,0.0,0.0,7.75,Q,1.0,
291.0,1.0,"Barber, Miss. Ellen ""Nellie""",female,26.0,0.0,0.0,78.85,S,1.0,
292.0,1.0,"Bishop, Mrs. Dickinson H (Helen Walton)",female,19.0,1.0,0.0,91.0792,C,1.0,B49
293.0,2.0,"Levy, Mr. Rene Jacques",male,36.0,0.0,0.0,12.875,C,0.0,D
294.0,3.0,"Haas, Miss. Aloisia",female,24.0,0.0,0.0,8.85,S,0.0,
295.0,3.0,,male,24.0,0.0,0.0,7.8958,S,0.0,
296.0,1.0,"Lewy, Mr. Ervin G",male,,0.0,0.0,27.7208,C,0.0,
297.0,3.0,"Hanna, Mr. Mansour",male,23.5,0.0,0.0,7.2292,C,0.0,
,1.0,"Allison, Miss. Helen Loraine",female,2.0,1.0,2.0,151.55,S,0.0,C22 C26
299.0,1.0,"Saalfeld, Mr. Adolphe",male,,0.0,0.0,30.5,S,1.0,C106
300.0,1.0,"Baxter, Mrs. James (Helene DeLaudeniere Chaput)",female,50.0,0.0,1.0,247.5208,C,1.0,B58 B60
301.0,3.0,"Kelly, Miss. Anna Katherine ""Annie Kate""",female,,0.0,0.0,7.75,Q,1.0,
302.0,3.0,"McCoy, Mr. Bernard",male,,2.0,0.0,23.25,Q,1.0,
303.0,3.0,"Johnson, Mr. William Cahoone Jr",male,19.0,0.0,0.0,0.0,S,0.0,
304.0,2.0,"Keane, Miss. Nora A",female,,0.0,0.0,12.35,Q,1.0,E101
305.0,3.0,"Williams, Mr. Howard Hugh ""Harry""",male,,0.0,0.0,8.05,S,0.0,
306.0,1.0,"Allison, Master. Hudson Trevor",male,0.92,1.0,2.0,151.55,S,1.0,C22 C26
307.0,1.0,"Fleming, Miss. Margaret",female,,0.0,0.0,110.8833,C,1.0,
308.0,1.0,"Penasco y Castellana, Mrs. Victor de Satode (Maria Josefa Perez de Soto y Vallejo)",female,17.0,1.0,0.0,108.9,C,1.0,C65
309.0,2.0,"Abelson, Mr. Samuel",male,30.0,1.0,0.0,24.0,C,0.0,
310.0,1.0,"Francatelli, Miss. Laura Mabel",female,,0.0,0.0,56.9292,C,1.0,E36
311.0,1.0,"Hays, Miss. Margaret Bechstein",female,24.0,0.0,0.0,83.1583,C,1.0,C54
312.0,1.0,"Ryerson, Miss. Emily Borie",female,18.0,2.0,2.0,262.375,C,1.0,B57 B59 B63 B66
313.0,2.0,"Lahtinen, Mrs. William (Anna Sylfven)",female,26.0,1.0,1.0,26.0,S,0.0,
314.0,3.0,"Hendekovic, Mr. Ignjac",male,28.0,0.0,0.0,7.8958,S,0.0,
315.0,2.0,"Hart, Mr. Benjamin",male,43.0,1.0,1.0,26.25,S,0.0,
316.0,3.0,"Nilsson, Miss. Helmina Josefina",female,26.0,0.0,0.0,7.8542,S,1.0,
317.0,2.0,"Kantor, Mrs. Sinai (Miriam Sternin)",female,24.0,1.0,0.0,26.0,S,1.0,
318.0,2.0,"Moraweck, Dr. Ernest",male,54.0,0.0,0.0,14.0,S,0.0,
319.0,1.0,"Wick, Miss. Mary Natalie",female,31.0,0.0,2.0,164.8667,S,1.0,C7
320.0,1.0,"Spedden, Mrs. Frederic Oakley (Margaretta Corning Stone)",female,40.0,1.0,1.0,134.5,C,1.0,E34
321.0,3.0,"Dennis, Mr. Samuel",male,22.0,0.0,0.0,7.25,S,0.0,
322.0,3.0,"Danoff, Mr. Yoto",male,27.0,0.0,0.0,7.8958,S,0.0,
323.0,2.0,"Slayter, Miss. Hilda Mary",female,30.0,0.0,0.0,12.35,Q,1.0,
324.0,2.0,"Caldwell, Mrs. Albert Francis (Sylvia Mae Harbaugh)",female,22.0,1.0,1.0,29.0,S,1.0,
325.0,3.0,"Sage, Mr. George John Jr",male,,,2.0,69.55,S,0.0,
326.0,1.0,"Young, Miss. Marie Grice",female,36.0,0.0,0.0,135.6333,C,1.0,C32
327.0,3.0,"Nysveen, Mr. Johan Hansen",male,61.0,0.0,0.0,6.2375,S,0.0,
328.0,2.0,"Ball, Mrs. (Ada E Hall)",female,36.0,0.0,0.0,13.0,S,1.0,D
329.0,3.0,"Goldsmith, Mrs. Frank John (Emily Alice Brown)",female,31.0,1.0,1.0,20.525,S,1.0,
330.0,1.0,"Hippach, Miss. Jean Gertrude",female,16.0,0.0,1.0,57.9792,C,1.0,B18
331.0,3.0,"McCoy, Miss. Agnes",female,,2.0,0.0,23.25,Q,1.0,
332.0,1.0,"Partner, Mr. Austen",male,45.5,0.0,0.0,28.5,S,0.0,C124
333.0,1.0,"Graham, Mr. George Edward",male,38.0,0.0,1.0,153.4625,S,0.0,C91
334.0,3.0,"Vander Planke, Mr. Leo Edmondus",male,16.0,2.0,0.0,18.0,S,0.0,
335.0,1.0,"Frauenthal, Mrs. Henry William (Clara Heinsheimer)",female,,1.0,0.0,133.65,S,1.0,
336.0,3.0,"Denkoff, Mr. Mitto",male,,0.0,0.0,7.8958,S,0.0,
337.0,1.0,"Pears, Mr. Thomas Clinton",male,29.0,1.0,0.0,66.6,S,0.0,C2
338.0,1.0,"Burns, Miss. Elizabeth Margaret",female,41.0,0.0,0.0,134.5,C,1.0,E40
339.0,3.0,"Dahl, Mr. Karl Edwart",male,45.0,0.0,0.0,8.05,S,1.0,
340.0,1.0,"Blackwell, Mr. Stephen Weart",male,45.0,0.0,0.0,35.5,S,0.0,T
341.0,2.0,"Navratil, Master. Edmond Roger",male,2.0,1.0,1.0,26.0,S,1.0,F2
342.0,1.0,"Fortune, Miss. Alice Elizabeth",female,24.0,3.0,2.0,263.0,S,1.0,C23 C25 C27
343.0,2.0,"Collander, Mr. Erik Gustaf",male,28.0,0.0,0.0,13.0,S,0.0,
344.0,2.0,"Sedgwick, Mr. Charles Frederick Waddington",male,25.0,0.0,0.0,13.0,S,0.0,
345.0,2.0,"Fox, Mr. Stanley Hubert",male,36.0,0.0,0.0,13.0,S,0.0,
346.0,2.0,"Brown, Miss. Amelia ""Mildred""",female,24.0,0.0,0.0,13.0,S,1.0,F33
347.0,2.0,"Smith, Miss. Marion Elsie",female,40.0,0.0,0.0,13.0,S,1.0,
348.0,3.0,"Davison, Mrs. Thomas Henry (Mary E Finck)",female,,1.0,0.0,16.1,S,1.0,
349.0,3.0,"Coutts, Master. William Loch ""William""",male,3.0,1.0,1.0,15.9,S,1.0,
350.0,3.0,"Dimic, Mr. Jovan",male,42.0,0.0,0.0,8.6625,S,0.0,
351.0,3.0,"Odahl, Mr. Nils Martin",male,23.0,0.0,0.0,9.225,S,0.0,
352.0,1.0,"Williams-Lambert, Mr. Fletcher Fellows",male,,0.0,0.0,35.0,S,0.0,C128
353.0,3.0,"Elias, Mr. Tannous",male,15.0,1.0,1.0,7.2292,C,0.0,
354.0,3.0,"Arnold-Franchi, Mr. Josef",male,25.0,1.0,0.0,17.8,S,0.0,
355.0,3.0,"Yousif, Mr. Wazli",male,,0.0,0.0,7.225,C,0.0,
356.0,3.0,"Vanden Steen, Mr. Leo Peter",male,28.0,0.0,0.0,9.5,S,0.0,
357.0,1.0,"Bowerman, Miss. Elsie Edith",female,22.0,0.0,1.0,55.0,S,1.0,E33
358.0,2.0,"Funk, Miss. Annie Clemmer",female,38.0,0.0,0.0,13.0,S,0.0,
359.0,3.0,"McGovern, Miss. Mary",female,,0.0,0.0,7.8792,Q,,
360.0,3.0,"Mockler, Miss. Helen Mary ""Ellie""",female,,0.0,0.0,7.8792,Q,1.0,
361.0,3.0,"Skoog, Mr. Wilhelm",male,40.0,1.0,4.0,27.9,S,0.0,
362.0,2.0,"del Carlo, Mr. Sebastiano",male,29.0,1.0,0.0,27.7208,C,0.0,
363.0,3.0,"Barbara, Mrs. (Catherine David)",female,45.0,0.0,1.0,14.4542,C,0.0,
364.0,3.0,"Asim, Mr. Adola",male,35.0,0.0,0.0,7.05,S,0.0,
365.0,3.0,"O'Brien, Mr. Thomas",male,,1.0,0.0,15.5,Q,0.0,
366.0,3.0,"Adahl, Mr. Mauritz Nils Martin",male,30.0,0.0,0.0,7.25,S,0.0,
367.0,1.0,"Warren, Mrs. Frank Manley (Anna Sophia Atkinson)",,60.0,1.0,0.0,75.25,C,1.0,D37
368.0,3.0,"Moussa, Mrs. (Mantoura Boulos)",female,,0.0,0.0,7.2292,C,1.0,
369.0,3.0,"Jermyn, Miss. Annie",female,,0.0,0.0,7.75,Q,1.0,
370.0,1.0,"Aubart, Mme. Leontine Pauline",female,24.0,0.0,0.0,69.3,C,1.0,B35
371.0,1.0,"Harder, Mr. George Achilles",male,25.0,1.0,0.0,55.4417,C,1.0,E50
372.0,3.0,"Wiklund, Mr. Jakob Alfred",male,18.0,1.0,0.0,6.4958,S,0.0,
373.0,3.0,"Beavan, Mr. William Thomas",male,19.0,0.0,0.0,8.05,,0.0,
374.0,1.0,"Ringhini, Mr. Sante",male,22.0,0.0,0.0,135.6333,C,0.0,
375.0,3.0,"Palsson, Miss. Stina Viola",female,3.0,3.0,1.0,21.075,S,0.0,
376.0,1.0,"Meyer, Mrs. Edgar Joseph (Leila Saks)",female,,1.0,0.0,82.1708,C,1.0,
377.0,3.0,"Landergren, Miss. Aurora Adelia",female,22.0,0.0,0.0,7.25,S,1.0,
378.0,1.0,"Widener, Mr. Harry Elkins",male,27.0,0.0,2.0,211.5,C,0.0,C82
379.0,3.0,"Betros, Mr. Tannous",male,20.0,0.0,0.0,4.0125,C,0.0,
380.0,3.0,"Gustafsson, Mr. Karl Gideon",male,19.0,0.0,0.0,7.775,S,0.0,
381.0,1.0,"Bidois, Miss. Rosalie",female,42.0,0.0,0.0,227.525,C,1.0,
382.0,3.0,"Nakid, Miss. Maria (""Mary"")",female,1.0,0.0,2.0,15.7417,C,1.0,
383.0,3.0,"Tikkanen, Mr. Juho",male,32.0,0.0,0.0,7.925,S,0.0,
384.0,1.0,"Holverson, Mrs. Alexander Oskar (Mary Aline Towner)",female,35.0,1.0,0.0,52.0,S,1.0,
385.0,3.0,"Plotcharsky, Mr. Vasil",male,,0.0,0.0,7.8958,S,0.0,
386.0,2.0,"Davies, Mr. Charles Henry",male,18.0,0.0,0.0,73.5,S,,
387.0,3.0,"Goodwin, Master. Sidney Leonard",male,1.0,5.0,2.0,,S,0.0,
388.0,2.0,"Buss, Miss. Kate",female,36.0,0.0,0.0,13.0,,1.0,
389.0,3.0,"Sadlier, Mr. Matthew",male,,0.0,0.0,7.7292,Q,0.0,
390.0,2.0,"Lehmann, Miss. Bertha",female,17.0,0.0,0.0,12.0,C,1.0,
391.0,1.0,"Carter, Mr. William Ernest",male,36.0,1.0,2.0,120.0,S,1.0,B96 B98
392.0,3.0,"Jansson, Mr. Carl Olof",male,21.0,0.0,0.0,,S,1.0,
393.0,3.0,"Gustafsson, Mr. Johan Birger",male,28.0,2.0,0.0,7.925,S,0.0,
394.0,1.0,"Newell, Miss. Marjorie",female,23.0,1.0,0.0,113.275,C,1.0,D36
395.0,3.0,"Sandstrom, Mrs. Hjalmar (Agnes Charlotta Bengtsson)",female,24.0,0.0,2.0,16.7,S,1.0,G6
396.0,3.0,"Johansson, Mr. Erik",male,22.0,0.0,0.0,7.7958,S,0.0,
397.0,3.0,"Olsson, Miss. Elina",female,31.0,0.0,0.0,7.8542,S,0.0,
398.0,2.0,"McKane, Mr. Peter David",male,46.0,0.0,0.0,26.0,S,,
399.0,2.0,"Pain, Dr. Alfred",male,23.0,0.0,0.0,10.5,S,0.0,
400.0,2.0,"Trout, Mrs. William H (Jessie L)",female,28.0,0.0,0.0,12.65,S,1.0,
401.0,3.0,"Niskanen, Mr. Juha",male,39.0,0.0,0.0,7.925,S,1.0,
402.0,3.0,,male,26.0,0.0,0.0,8.05,S,0.0,
403.0,3.0,"Jussila, Miss. Mari Aina",female,21.0,1.0,0.0,9.825,S,0.0,
404.0,3.0,"Hakkarainen, Mr. Pekka Pietari",male,28.0,1.0,0.0,15.85,S,0.0,
405.0,3.0,"Oreskovic, Miss. Marija",female,20.0,0.0,0.0,8.6625,S,0.0,
406.0,2.0,"Gale, Mr. Shadrach",male,34.0,1.0,0.0,21.0,S,0.0,
407.0,3.0,"Widegren, Mr. Carl/Charles Peter",male,51.0,0.0,0.0,7.75,S,0.0,
408.0,2.0,"Richards, Master. William Rowe",male,3.0,1.0,1.0,18.75,S,1.0,
409.0,3.0,"Birkeland, Mr. Hans Martin Monsen",male,21.0,0.0,0.0,7.775,S,0.0,
410.0,3.0,"Lefebre, Miss. Ida",female,,3.0,1.0,25.4667,S,0.0,
411.0,3.0,"Sdycoff, Mr. Todor",male,,0.0,0.0,7.8958,S,0.0,
412.0,3.0,"Hart, Mr. Henry",male,,0.0,0.0,6.8583,Q,0.0,
413.0,,"Minahan, Miss. Daisy E",female,33.0,1.0,0.0,90.0,Q,1.0,C78
414.0,2.0,"Cunningham, Mr. Alfred Fleming",male,,0.0,0.0,0.0,S,0.0,
415.0,3.0,"Sundman, Mr. Johan Julian",male,44.0,0.0,0.0,7.925,S,1.0,
416.0,3.0,"Meek, Mrs. Thomas (Annie Louise Rowley)",female,,0.0,0.0,8.05,S,0.0,
417.0,2.0,"Drew, Mrs. James Vivian (Lulu Thorne Christian)",female,34.0,1.0,1.0,32.5,S,1.0,
418.0,2.0,"Silven, Miss. Lyyli Karoliina",female,18.0,0.0,2.0,13.0,S,1.0,
419.0,2.0,"Matthews, Mr. William John",male,30.0,0.0,0.0,13.0,S,0.0,
420.0,3.0,"Van Impe, Miss. Catharina",female,10.0,0.0,2.0,24.15,S,0.0,
421.0,3.0,"Gheorgheff, Mr. Stanio",male,,0.0,0.0,,C,0.0,
422.0,3.0,"Charters, Mr. David",male,21.0,0.0,0.0,7.7333,Q,0.0,
423.0,3.0,"Zimmerman, Mr. Leo",male,29.0,0.0,0.0,7.875,S,0.0,
424.0,3.0,"Danbom, Mrs. Ernst Gilbert (Anna Sigrid Maria Brogren)",female,28.0,1.0,1.0,14.4,S,0.0,
425.0,3.0,"Rosblom, Mr. Viktor Richard",male,18.0,1.0,1.0,20.2125,S,0.0,
426.0,3.0,"Wiseman, Mr. Phillippe",male,,0.0,0.0,7.25,S,0.0,
427.0,2.0,"Clarke, Mrs. Charles V (Ada Maria Winfield)",female,28.0,1.0,0.0,26.0,S,1.0,
428.0,2.0,"Phillips, Miss. Kate Florence (""Mrs Kate Louise Phillips Marshall"")",female,19.0,0.0,0.0,26.0,S,1.0,
429.0,3.0,"Flynn, Mr. James",male,,0.0,0.0,7.75,Q,0.0,
430.0,3.0,"Pickard, Mr. Berk (Berk Trembisky)",male,32.0,0.0,0.0,8.05,S,1.0,E10
431.0,1.0,"Bjornstrom-Steffansson, Mr. Mauritz Hakan",male,28.0,0.0,0.0,26.55,S,1.0,C52
432.0,3.0,"Thorneycroft, Mrs. Percival (Florence Kate White)",female,,1.0,0.0,16.1,S,1.0,
433.0,2.0,"Louch, Mrs. Charles Alexander (Alice Adelaide Slow)",female,42.0,1.0,0.0,26.0,S,1.0,
434.0,3.0,"Kallio, Mr. Nikolai Erland",male,17.0,0.0,0.0,7.125,S,0.0,
435.0,1.0,"Silvey, Mr. William Baird",male,50.0,1.0,0.0,55.9,S,0.0,E44
436.0,1.0,"Carter, Miss. Lucile Polk",female,14.0,1.0,2.0,120.0,S,1.0,B96 B98
437.0,3.0,"Ford, Miss. Doolina Margaret ""Daisy""",female,21.0,2.0,2.0,34.375,S,0.0,
438.0,2.0,"Richards, Mrs. Sidney (Emily Hocking)",female,24.0,2.0,3.0,18.75,S,1.0,
439.0,1.0,"Fortune, Mr. Mark",male,64.0,1.0,4.0,263.0,S,0.0,C23 C25 C27
440.0,2.0,"Kvillner, Mr. Johan Henrik Johannesson",male,31.0,0.0,0.0,10.5,S,0.0,
441.0,2.0,"Hart, Mrs. Benjamin (Esther Ada Bloomfield)",female,45.0,1.0,1.0,26.25,S,1.0,
442.0,3.0,"Hampe, Mr. Leon",male,,0.0,0.0,9.5,S,0.0,
443.0,3.0,"Petterson, Mr. Johan Emil",male,25.0,1.0,0.0,7.775,S,0.0,
,2.0,"Reynaldo, Ms. Encarnacion",female,28.0,0.0,0.0,,S,1.0,
445.0,3.0,"Johannesen-Bratthammer, Mr. Bernt",male,,0.0,0.0,8.1125,S,1.0,
446.0,1.0,"Dodge, Master. Washington",male,,0.0,2.0,81.8583,S,1.0,A34
447.0,2.0,"Mellinger, Miss. Madeleine Violet",female,13.0,0.0,1.0,19.5,S,1.0,
448.0,1.0,"Seward, Mr. Frederic Kimber",male,34.0,0.0,0.0,26.55,S,1.0,
449.0,3.0,"Baclini, Miss. Marie Catherine",female,5.0,2.0,1.0,19.2583,C,1.0,
450.0,1.0,"Peuchen, Major. Arthur Godfrey",male,52.0,0.0,0.0,30.5,,1.0,C104
451.0,2.0,"West, Mr. Edwy Arthur",male,36.0,1.0,,27.75,S,0.0,
452.0,3.0,"Hagland, Mr. Ingvald Olai Olsen",male,,1.0,0.0,19.9667,S,0.0,
453.0,1.0,"Foreman, Mr. Benjamin Laventall",male,30.0,0.0,0.0,27.75,C,0.0,C111
454.0,1.0,"Goldenberg, Mr. Samuel L",male,49.0,1.0,0.0,89.1042,C,1.0,C92
455.0,3.0,"Peduzzi, Mr. Joseph",male,,0.0,0.0,8.05,S,0.0,
456.0,3.0,"Jalsevac, Mr. Ivan",male,29.0,0.0,0.0,7.8958,C,1.0,
457.0,1.0,"Millet, Mr. Francis Davis",male,65.0,0.0,0.0,26.55,S,0.0,E38
458.0,,"Kenyon, Mrs. Frederick R (Marion)",female,,1.0,0.0,51.8625,S,1.0,D21
459.0,2.0,"Toomey, Miss. Ellen",female,50.0,0.0,0.0,10.5,S,1.0,
460.0,3.0,"O'Connor, Mr. Maurice",male,,0.0,0.0,7.75,Q,0.0,
461.0,1.0,"Anderson, Mr. Harry",male,48.0,0.0,0.0,26.55,S,1.0,E12
462.0,3.0,"Morley, Mr. William",male,34.0,0.0,0.0,8.05,S,0.0,
463.0,1.0,"Gee, Mr. Arthur H",male,47.0,0.0,0.0,38.5,S,0.0,E63
464.0,2.0,"Milling, Mr. Jacob Christian",male,48.0,0.0,0.0,13.0,S,0.0,
465.0,3.0,"Maisner, Mr. Simon",male,,0.0,0.0,8.05,S,0.0,
466.0,3.0,"Goncalves, Mr. Manuel Estanslas",male,38.0,0.0,0.0,7.05,S,0.0,
467.0,2.0,"Campbell, Mr. William",male,,0.0,0.0,0.0,S,0.0,
468.0,1.0,"Smart, Mr. John Montgomery",male,56.0,0.0,0.0,26.55,S,0.0,
469.0,3.0,"Scanlan, Mr. James",male,,0.0,0.0,7.725,Q,0.0,
470.0,3.0,"Baclini, Miss. Helene Barbara",female,0.75,2.0,1.0,19.2583,C,1.0,
471.0,3.0,"Keefe, Mr. Arthur",male,,0.0,0.0,7.25,S,0.0,
472.0,3.0,"Cacic, Mr. Luka",male,38.0,0.0,0.0,8.6625,S,0.0,
473.0,2.0,"West, Mrs. Edwy Arthur (Ada Mary Worth)",female,33.0,1.0,2.0,27.75,S,1.0,
474.0,2.0,"Jerwan, Mrs. Amin S (Marie Marthe Thuillard)",female,23.0,0.0,0.0,13.7917,C,1.0,D
475.0,3.0,"Strandberg, Miss. Ida Sofia",female,22.0,0.0,0.0,9.8375,S,0.0,
476.0,1.0,"Clifford, Mr. George Quincy",male,,0.0,0.0,52.0,S,0.0,A14
477.0,2.0,"Renouf, Mr. Peter Henry",male,34.0,1.0,0.0,21.0,S,0.0,
478.0,3.0,"Braund, Mr. Lewis Richard",male,29.0,1.0,0.0,7.0458,S,0.0,
479.0,3.0,"Karlsson, Mr. Nils August",male,22.0,0.0,0.0,7.5208,S,0.0,
480.0,3.0,"Hirvonen, Miss. Hildur E",female,2.0,0.0,1.0,12.2875,S,1.0,
481.0,3.0,"Goodwin, Master. Harold Victor",male,9.0,5.0,2.0,46.9,S,0.0,
482.0,2.0,"Frost, Mr. Anthony Wood ""Archie""",male,,0.0,0.0,0.0,S,0.0,
483.0,3.0,"Rouse, Mr. Richard Henry",male,50.0,0.0,0.0,8.05,S,0.0,
484.0,3.0,"Turkula, Mrs. (Hedwig)",female,63.0,0.0,0.0,9.5875,S,1.0,
485.0,1.0,"Bishop, Mr. Dickinson H",male,25.0,1.0,0.0,91.0792,C,1.0,B49
486.0,3.0,"Lefebre, Miss. Jeannie",female,,3.0,1.0,25.4667,S,0.0,
487.0,,"Hoyt, Mrs. Frederick Maxfield (Jane Anne Forby)",female,35.0,1.0,0.0,90.0,S,1.0,C93
488.0,1.0,"Kent, Mr. Edward Austin",male,58.0,0.0,0.0,29.7,C,0.0,B37
489.0,3.0,"Somerton, Mr. Francis William",male,30.0,0.0,0.0,8.05,S,0.0,
490.0,3.0,"Coutts, Master. Eden Leslie ""Neville""",male,9.0,1.0,1.0,15.9,S,1.0,
491.0,3.0,"Hagland, Mr. Konrad Mathias Reiersen",male,,1.0,0.0,19.9667,S,0.0,
492.0,3.0,"Windelov, Mr. Einar",male,21.0,0.0,0.0,7.25,S,0.0,
493.0,1.0,"Molson, Mr. Harry Markland",male,55.0,0.0,0.0,30.5,S,0.0,C30
494.0,1.0,"Artagaveytia, Mr. Ramon",male,71.0,0.0,0.0,49.5042,C,0.0,
495.0,3.0,"Stanley, Mr. Edward Roland",male,21.0,0.0,0.0,8.05,S,0.0,
496.0,3.0,"Yousseff, Mr. Gerious",male,,,0.0,14.4583,C,0.0,
497.0,1.0,"Eustis, Miss. Elizabeth Mussey",female,54.0,1.0,0.0,78.2667,C,1.0,D20
498.0,3.0,"Shellard, Mr. Frederick William",male,,0.0,0.0,15.1,S,0.0,
499.0,1.0,"Allison, Mrs. Hudson J C (Bessie Waldo Daniels)",female,25.0,1.0,2.0,151.55,S,0.0,C22 C26
500.0,3.0,"Svensson, Mr. Olof",male,24.0,0.0,0.0,7.7958,S,0.0,
501.0,3.0,"Calic, Mr. Petar",male,17.0,0.0,0.0,8.6625,S,0.0,
502.0,3.0,"Canavan, Miss. Mary",female,21.0,0.0,0.0,7.75,Q,0.0,
503.0,3.0,"O'Sullivan, Miss. Bridget Mary",female,,0.0,0.0,,Q,0.0,
504.0,3.0,"Laitinen, Miss. Kristina Sofia",female,37.0,0.0,,9.5875,S,0.0,
505.0,1.0,"Maioni, Miss. Roberta",female,16.0,0.0,0.0,86.5,S,1.0,B79
506.0,1.0,"Penasco y Castellana, Mr. Victor de Satode",male,18.0,1.0,0.0,108.9,C,0.0,C65
507.0,2.0,"Quick, Mrs. Frederick Charles (Jane Richards)",female,33.0,0.0,2.0,26.0,S,1.0,
508.0,1.0,"Bradley, Mr. George (""George Arthur Brayton"")",male,,0.0,0.0,26.55,S,1.0,
509.0,3.0,"Olsen, Mr. Henry Margido",male,28.0,0.0,0.0,22.525,S,0.0,
510.0,3.0,"Lang, Mr. Fang",male,26.0,0.0,0.0,56.4958,S,1.0,
511.0,3.0,"Daly, Mr. Eugene Patrick",male,29.0,0.0,0.0,7.75,Q,1.0,
512.0,3.0,"Webber, Mr. James",male,,0.0,,8.05,S,0.0,
513.0,1.0,"McGough, Mr. James Robert",male,36.0,0.0,0.0,26.2875,S,1.0,E25
514.0,1.0,"Rothschild, Mrs. Martin (Elizabeth L. Barrett)",female,54.0,1.0,0.0,59.4,C,1.0,
515.0,3.0,"Coleff, Mr. Satio",male,24.0,0.0,0.0,7.4958,S,0.0,
516.0,1.0,"Walker, Mr. William Anderson",male,47.0,0.0,0.0,34.0208,S,0.0,D46
517.0,2.0,"Lemore, Mrs. (Amelia Milley)",female,34.0,0.0,0.0,10.5,S,1.0,F33
518.0,3.0,"Ryan, Mr. Patrick",male,,0.0,0.0,24.15,Q,0.0,
519.0,2.0,"Angle, Mrs. William A (Florence ""Mary"" Agnes Hughes)",female,36.0,1.0,0.0,26.0,S,1.0,
520.0,3.0,"Pavlovic, Mr. Stefo",male,32.0,0.0,0.0,7.8958,S,0.0,
521.0,1.0,"Perreault, Miss. Anne",female,30.0,0.0,0.0,93.5,S,1.0,B73
522.0,3.0,"Vovk, Mr. Janko",male,22.0,0.0,0.0,7.8958,S,0.0,
523.0,3.0,"Lahoud, Mr. Sarkis",male,,0.0,0.0,7.225,C,0.0,
524.0,1.0,"Hippach, Mrs. Louis Albert (Ida Sophia Fischer)",female,44.0,0.0,1.0,57.9792,C,1.0,B18
525.0,3.0,"Kassem, Mr. Fared",male,,0.0,0.0,7.2292,C,0.0,
526.0,3.0,"Farrell, Mr. James",male,40.5,0.0,0.0,7.75,Q,0.0,
527.0,2.0,"Ridsdale, Miss. Lucy",female,50.0,0.0,0.0,10.5,S,1.0,
528.0,1.0,"Farthing, Mr. John",male,,0.0,0.0,221.7792,S,0.0,C95
529.0,3.0,"Salonen, Mr. Johan Werner",male,39.0,0.0,0.0,7.925,S,0.0,
530.0,2.0,"Hocking, Mr. Richard George",male,23.0,2.0,1.0,11.5,S,0.0,
531.0,2.0,"Quick, Miss. Phyllis May",female,2.0,1.0,1.0,26.0,S,1.0,
532.0,3.0,"Toufik, Mr. Nakli",male,,0.0,0.0,7.2292,C,0.0,
533.0,3.0,"Elias, Mr. Joseph Jr",male,17.0,1.0,1.0,7.2292,C,0.0,
534.0,3.0,"Peter, Mrs. Catherine (Catherine Rizk)",female,,0.0,2.0,22.3583,C,1.0,
535.0,3.0,"Cacic, Miss. Marija",female,30.0,0.0,0.0,8.6625,S,0.0,
536.0,2.0,"Hart, Miss. Eva Miriam",female,7.0,0.0,2.0,26.25,S,1.0,
537.0,1.0,"Butt, Major. Archibald Willingham",male,45.0,0.0,0.0,26.55,S,0.0,B38
,1.0,"LeRoy, Miss. Bertha",female,30.0,0.0,0.0,106.425,C,1.0,
539.0,3.0,"Risien, Mr. Samuel Beard",male,,0.0,0.0,14.5,S,0.0,
540.0,1.0,"Frolicher, Miss. Hedwig Margaritha",female,22.0,0.0,2.0,49.5,C,1.0,B39
541.0,1.0,"Crosby, Miss. Harriet R",female,36.0,0.0,2.0,71.0,S,1.0,B22
542.0,3.0,"Andersson, Miss. Ingeborg Constanzia",,9.0,4.0,2.0,31.275,S,0.0,
543.0,3.0,"Andersson, Miss. Sigrid Elisabeth",female,11.0,4.0,2.0,31.275,S,0.0,
544.0,2.0,"Beane, Mr. Edward",male,32.0,1.0,0.0,26.0,S,1.0,
545.0,1.0,"Douglas, Mr. Walter Donald",male,50.0,1.0,0.0,106.425,C,0.0,C86
546.0,1.0,"Nicholson, Mr. Arthur Ernest",male,64.0,0.0,0.0,26.0,S,0.0,
547.0,2.0,"Beane, Mrs. Edward (Ethel Clarke)",female,19.0,1.0,0.0,26.0,S,1.0,
548.0,2.0,"Padro y Manent, Mr. Julian",male,,0.0,0.0,13.8625,C,1.0,
549.0,3.0,"Goldsmith, Mr. Frank John",male,33.0,1.0,1.0,20.525,S,0.0,
550.0,2.0,"Davies, Master. John Morgan Jr",male,8.0,1.0,1.0,36.75,S,1.0,
551.0,1.0,"Thayer, Mr. John Borland Jr",male,17.0,0.0,2.0,110.8833,C,1.0,C70
552.0,2.0,"Sharp, Mr. Percival James R",male,27.0,0.0,0.0,26.0,S,0.0,
553.0,3.0,"O'Brien, Mr. Timothy",male,,0.0,0.0,7.8292,Q,0.0,
554.0,3.0,"Leeni, Mr. Fahim (""Philip Zenni"")",male,22.0,0.0,0.0,7.225,C,1.0,
555.0,3.0,"Ohman, Miss. Velin",female,22.0,0.0,0.0,7.775,S,1.0,
556.0,1.0,"Wright, Mr. George",male,62.0,0.0,0.0,26.55,S,0.0,
557.0,1.0,"Duff Gordon, Lady. (Lucille Christiana Sutherland) (""Mrs Morgan"")",female,48.0,1.0,0.0,39.6,C,1.0,A16
558.0,1.0,"Robbins, Mr. Victor",male,,0.0,0.0,227.525,C,0.0,
559.0,1.0,"Taussig, Mrs. Emil (Tillie Mandelbaum)",female,39.0,1.0,1.0,79.65,S,1.0,E67
560.0,3.0,"de Messemaeker, Mrs. Guillaume Joseph (Emma)",female,36.0,1.0,0.0,17.4,S,1.0,
561.0,3.0,"Morrow, Mr. Thomas Rowan",male,,0.0,0.0,7.75,Q,0.0,
562.0,3.0,"Sivic, Mr. Husein",male,40.0,0.0,0.0,,S,0.0,
563.0,2.0,"Norman, Mr. Robert Douglas",male,28.0,0.0,0.0,13.5,S,0.0,
564.0,3.0,"Simmons, Mr. John",male,,0.0,0.0,8.05,S,0.0,
565.0,3.0,"Meanwell, Miss. (Marion Ogden)",female,,0.0,0.0,8.05,S,0.0,
566.0,3.0,"Davies, Mr. Alfred J",male,24.0,2.0,0.0,24.15,S,0.0,
567.0,3.0,"Stoytcheff, Mr. Ilia",male,19.0,0.0,0.0,7.8958,S,0.0,
568.0,,"Palsson, Mrs. Nils (Alma Cornelia Berglund)",female,29.0,0.0,4.0,21.075,S,0.0,
569.0,3.0,"Doharr, Mr. Tannous",male,,0.0,0.0,7.2292,C,0.0,
570.0,3.0,"Jonsson, Mr. Carl",male,32.0,0.0,0.0,7.8542,S,1.0,
571.0,2.0,"Harris, Mr. George",male,62.0,0.0,0.0,10.5,S,1.0,
572.0,1.0,"Appleton, Mrs. Edward Dale (Charlotte Lamson)",female,53.0,2.0,0.0,51.4792,S,1.0,C101
573.0,1.0,"Flynn, Mr. John Irwin (""Irving"")",male,36.0,0.0,0.0,26.3875,S,1.0,E25
574.0,3.0,"Kelly, Miss. Mary",female,,0.0,0.0,7.75,Q,1.0,
575.0,3.0,"Rush, Mr. Alfred George John",male,16.0,0.0,0.0,8.05,S,0.0,
576.0,3.0,"Patchett, Mr. George",male,19.0,0.0,0.0,14.5,S,0.0,
577.0,2.0,"Garside, Miss. Ethel",female,34.0,0.0,0.0,13.0,S,1.0,
578.0,1.0,"Silvey, Mrs. William Baird (Alice Munger)",female,39.0,1.0,0.0,55.9,S,1.0,E44
579.0,3.0,"Caram, Mrs. Joseph (Maria Elias)",female,,1.0,0.0,14.4583,C,0.0,
580.0,3.0,"Jussila, Mr. Eiriik",male,32.0,0.0,0.0,7.925,S,1.0,
581.0,2.0,"Christy, Miss. Julie Rachel",female,25.0,1.0,1.0,30.0,S,1.0,
582.0,1.0,"Thayer, Mrs. John Borland (Marian Longstreth Morris)",female,39.0,1.0,1.0,110.8833,C,1.0,C68
583.0,2.0,"Downton, Mr. William James",male,54.0,0.0,0.0,26.0,S,0.0,
584.0,1.0,"Ross, Mr. John Hugo",male,,,0.0,40.125,C,0.0,A10
585.0,3.0,"Paulner, Mr. Uscher",male,,0.0,0.0,8.7125,C,0.0,
586.0,1.0,"Taussig, Miss. Ruth",female,18.0,0.0,2.0,79.65,S,1.0,E68
587.0,2.0,"Jarvis, Mr. John Denzil",male,47.0,0.0,0.0,15.0,S,0.0,
588.0,1.0,"Frolicher-Stehli, Mr. Maxmillian",male,60.0,1.0,1.0,79.2,C,1.0,B41
589.0,3.0,"Gilinski, Mr. Eliezer",male,22.0,0.0,0.0,8.05,S,0.0,
590.0,3.0,"Murdlin, Mr. Joseph",male,,0.0,0.0,8.05,S,0.0,
591.0,3.0,"Rintamaki, Mr. Matti",male,35.0,0.0,0.0,7.125,S,0.0,
592.0,1.0,"Stephenson, Mrs. Walter Bertram (Martha Eustis)",female,52.0,1.0,0.0,78.2667,C,1.0,D20
593.0,3.0,"Elsbury, Mr. William James",male,47.0,0.0,0.0,7.25,S,0.0,
594.0,3.0,"Bourke, Miss. Mary",female,,0.0,2.0,7.75,Q,0.0,
595.0,2.0,"Chapman, Mr. John Henry",male,37.0,1.0,0.0,26.0,S,0.0,
596.0,3.0,"Van Impe, Mr. Jean Baptiste",male,36.0,1.0,1.0,24.15,S,0.0,
597.0,2.0,"Leitch, Miss. Jessie Wills",female,,0.0,0.0,33.0,S,1.0,
598.0,3.0,"Johnson, Mr. Alfred",male,49.0,0.0,0.0,0.0,S,0.0,
599.0,3.0,"Boulos, Mr. Hanna",male,,0.0,0.0,7.225,C,0.0,
600.0,1.0,"Duff Gordon, Sir. Cosmo Edmund (""Mr Morgan"")",male,49.0,1.0,0.0,56.9292,C,1.0,A20
601.0,2.0,"Jacobsohn, Mrs. Sidney Samuel (Amy Frances Christy)",female,24.0,2.0,1.0,27.0,S,1.0,
602.0,3.0,"Slabenoff, Mr. Petco",male,,0.0,0.0,7.8958,S,0.0,
603.0,1.0,"Harrington, Mr. Charles H",male,,0.0,0.0,42.4,S,0.0,
604.0,3.0,"Torber, Mr. Ernst William",male,44.0,0.0,0.0,8.05,S,0.0,
605.0,1.0,"Homer, Mr. Harry (""Mr E Haven"")",male,35.0,0.0,0.0,26.55,,1.0,
606.0,3.0,"Lindell, Mr. Edvard Bengtsson",male,36.0,1.0,0.0,15.55,S,0.0,
607.0,3.0,"Karaic, Mr. Milan",male,30.0,0.0,0.0,7.8958,S,0.0,
608.0,1.0,"Daniel, Mr. Robert Williams",male,27.0,0.0,0.0,30.5,S,1.0,
609.0,2.0,"Laroche, Mrs. Joseph (Juliette Marie Louise Lafargue)",female,22.0,1.0,2.0,41.5792,C,1.0,
610.0,1.0,"Shutes, Miss. Elizabeth W",female,40.0,0.0,,153.4625,S,1.0,C125
611.0,3.0,"Andersson, Mrs. Anders Johan (Alfrida Konstantia Brogren)",female,39.0,1.0,5.0,31.275,S,0.0,
612.0,3.0,"Jardin, Mr. Jose Neto",male,,,0.0,7.05,S,0.0,
613.0,3.0,"Murphy, Miss. Margaret Jane",female,,1.0,0.0,15.5,Q,1.0,
614.0,3.0,"Horgan, Mr. John",male,,0.0,0.0,7.75,Q,0.0,
615.0,3.0,"Brocklebank, Mr. William Alfred",male,35.0,0.0,0.0,8.05,S,0.0,
616.0,2.0,"Herman, Miss. Alice",female,24.0,1.0,2.0,65.0,S,1.0,
617.0,3.0,"Danbom, Mr. Ernst Gilbert",male,34.0,1.0,1.0,14.4,S,0.0,
618.0,3.0,"Lobb, Mrs. William Arthur (Cordelia K Stanlick)",female,26.0,1.0,0.0,16.1,S,0.0,
619.0,2.0,"Becker, Miss. Marion Louise",female,4.0,2.0,1.0,39.0,S,1.0,F4
620.0,2.0,"Gavey, Mr. Lawrence",male,26.0,0.0,0.0,10.5,S,0.0,
621.0,3.0,"Yasbeck, Mr. Antoni",male,27.0,,0.0,14.4542,C,0.0,
622.0,1.0,"Kimball, Mr. Edwin Nelson Jr",male,42.0,1.0,0.0,52.5542,S,1.0,D19
623.0,3.0,"Nakid, Mr. Sahid",male,20.0,1.0,1.0,15.7417,C,1.0,
624.0,3.0,"Hansen, Mr. Henry Damsgaard",male,21.0,0.0,0.0,7.8542,S,0.0,
625.0,3.0,"Bowen, Mr. David John ""Dai""",,21.0,0.0,0.0,16.1,S,0.0,
626.0,1.0,"Sutton, Mr. Frederick",male,61.0,0.0,0.0,32.3208,S,0.0,D50
627.0,2.0,"Kirkland, Rev. Charles Leonard",male,57.0,0.0,0.0,12.35,Q,0.0,
628.0,1.0,"Longley, Miss. Gretchen Fiske",female,21.0,0.0,0.0,77.9583,S,1.0,D9
629.0,3.0,"Bostandyeff, Mr. Guentcho",male,26.0,0.0,0.0,7.8958,S,0.0,
630.0,3.0,"O'Connell, Mr. Patrick D",male,,0.0,0.0,7.7333,Q,0.0,
631.0,1.0,"Barkworth, Mr. Algernon Henry Wilson",male,80.0,0.0,0.0,30.0,S,1.0,A23
632.0,3.0,"Lundahl, Mr. Johan Svensson",male,51.0,0.0,0.0,7.0542,S,0.0,
633.0,1.0,"Stahelin-Maeglin, Dr. Max",male,32.0,0.0,0.0,30.5,C,1.0,B50
634.0,1.0,"Parr, Mr. William Henry Marsh",male,,0.0,0.0,0.0,S,0.0,
635.0,3.0,"Skoog, Miss. Mabel",female,9.0,3.0,2.0,27.9,S,0.0,
636.0,2.0,"Davis, Miss. Mary",female,28.0,0.0,0.0,13.0,S,1.0,
637.0,3.0,"Leinonen, Mr. Antti Gustaf",male,32.0,0.0,0.0,7.925,S,0.0,
638.0,2.0,"Collyer, Mr. Harvey",male,31.0,1.0,1.0,26.25,S,0.0,
639.0,,"Panula, Mrs. Juha (Maria Emilia Ojala)",female,41.0,0.0,5.0,39.6875,S,0.0,
640.0,3.0,"Thorneycroft, Mr. Percival",male,,1.0,0.0,16.1,,0.0,
641.0,3.0,"Jensen, Mr. Hans Peder",male,20.0,0.0,0.0,7.8542,S,0.0,
642.0,1.0,"Sagesser, Mlle. Emma",female,24.0,0.0,0.0,69.3,C,1.0,B35
643.0,3.0,"Skoog, Miss. Margit Elizabeth",female,2.0,3.0,2.0,27.9,S,0.0,
644.0,3.0,"Foo, Mr. Choong",male,,0.0,0.0,56.4958,S,1.0,
645.0,3.0,"Baclini, Miss. Eugenie",female,0.75,2.0,1.0,19.2583,C,1.0,
646.0,1.0,"Harper, Mr. Henry Sleeper",male,48.0,1.0,0.0,76.7292,C,1.0,D33
647.0,3.0,"Cor, Mr. Liudevit",male,19.0,0.0,0.0,7.8958,S,0.0,
648.0,1.0,"Simonius-Blumer, Col. Oberst Alfons",male,56.0,0.0,0.0,35.5,C,1.0,A26
649.0,3.0,"Willey, Mr. Edward",male,,0.0,0.0,7.55,S,0.0,
650.0,3.0,"Stanley, Miss. Amy Zillah Elsie",female,23.0,0.0,0.0,7.55,S,1.0,
651.0,3.0,"Mitkoff, Mr. Mito",male,,0.0,0.0,7.8958,S,0.0,
652.0,2.0,"Doling, Miss. Elsie",female,18.0,0.0,1.0,23.0,S,1.0,
653.0,3.0,"Kalvik, Mr. Johannes Halvorsen",male,21.0,0.0,0.0,8.4333,S,0.0,
654.0,3.0,"O'Leary, Miss. Hanora ""Norah""",female,,0.0,0.0,7.8292,Q,1.0,
655.0,3.0,"Hegarty, Miss. Hanora ""Nora""",female,18.0,0.0,0.0,6.75,Q,0.0,
656.0,2.0,"Hickman, Mr. Leonard Mark",male,24.0,2.0,0.0,73.5,,0.0,
657.0,3.0,"Radeff, Mr. Alexander",male,,0.0,0.0,7.8958,S,0.0,
658.0,3.0,"Bourke, Mrs. John (Catherine)",female,32.0,1.0,1.0,15.5,Q,0.0,
659.0,2.0,"Eitemiller, Mr. George Floyd",male,23.0,0.0,0.0,13.0,S,0.0,
660.0,1.0,"Newell, Mr. Arthur Webster",male,58.0,0.0,2.0,113.275,C,0.0,D48
661.0,1.0,"Frauenthal, Dr. Henry William",male,50.0,2.0,0.0,133.65,S,1.0,
662.0,3.0,"Badt, Mr. Mohamed",male,40.0,0.0,0.0,7.225,C,0.0,
663.0,1.0,"Colley, Mr. Edward Pomeroy",male,47.0,0.0,0.0,,S,0.0,E58
664.0,3.0,"Coleff, Mr. Peju",male,36.0,0.0,0.0,7.4958,S,0.0,
665.0,3.0,"Lindqvist, Mr. Eino William",male,20.0,1.0,0.0,7.925,S,1.0,
666.0,2.0,"Hickman, Mr. Lewis",male,32.0,2.0,0.0,73.5,S,0.0,
667.0,2.0,"Butler, Mr. Reginald Fenton",male,25.0,0.0,0.0,13.0,S,0.0,
668.0,3.0,"Rommetvedt, Mr. Knud Paust",male,,0.0,0.0,7.775,S,0.0,
669.0,3.0,"Cook, Mr. Jacob",male,43.0,0.0,0.0,8.05,S,0.0,
670.0,1.0,"Taylor, Mrs. Elmer Zebley (Juliet Cummins Wright)",female,,1.0,0.0,52.0,S,1.0,C126
671.0,2.0,"Brown, Mrs. Thomas William Solomon (Elizabeth Catherine Ford)",female,40.0,1.0,1.0,39.0,S,1.0,
672.0,1.0,"Davidson, Mr. Thornton",male,31.0,1.0,0.0,52.0,S,0.0,B71
673.0,2.0,"Mitchell, Mr. Henry Michael",male,70.0,0.0,0.0,10.5,S,0.0,
674.0,2.0,"Wilhelms, Mr. Charles",male,31.0,0.0,0.0,13.0,S,1.0,
675.0,2.0,"Watson, Mr. Ennis Hastings",male,,0.0,0.0,0.0,S,0.0,
676.0,3.0,"Edvardsson, Mr. Gustaf Hjalmar",male,18.0,0.0,0.0,7.775,S,0.0,
677.0,3.0,"Sawyer, Mr. Frederick Charles",male,24.5,0.0,0.0,8.05,S,0.0,
678.0,3.0,,female,18.0,0.0,0.0,9.8417,S,1.0,
679.0,3.0,"Goodwin, Mrs. Frederick (Augusta Tyler)",female,43.0,1.0,6.0,46.9,S,0.0,
680.0,1.0,"Cardeza, Mr. Thomas Drake Martinez",male,36.0,0.0,1.0,512.3292,C,1.0,B51 B53 B55
681.0,3.0,"Peters, Miss. Katie",female,,0.0,0.0,8.1375,Q,0.0,
682.0,1.0,"Hassab, Mr. Hammad",male,27.0,0.0,0.0,76.7292,C,1.0,D49
683.0,3.0,"Olsvigen, Mr. Thor Anderson",male,20.0,0.0,0.0,9.225,S,0.0,
684.0,3.0,"Goodwin, Mr. Charles Edward",male,14.0,5.0,2.0,46.9,S,0.0,
685.0,2.0,"Brown, Mr. Thomas William Solomon",male,60.0,1.0,1.0,39.0,S,,
686.0,2.0,"Laroche, Mr. Joseph Philippe Lemercier",male,25.0,1.0,2.0,41.5792,C,0.0,
687.0,3.0,"Panula, Mr. Jaako Arnold",male,14.0,4.0,1.0,39.6875,S,0.0,
688.0,3.0,"Dakic, Mr. Branko",male,19.0,0.0,0.0,,S,0.0,
689.0,3.0,"Fischer, Mr. Eberhard Thelander",male,18.0,0.0,0.0,7.7958,S,0.0,
690.0,1.0,"Madill, Miss. Georgette Alexandra",female,15.0,0.0,1.0,211.3375,S,1.0,B5
691.0,1.0,"Dick, Mr. Albert Adrian",male,31.0,1.0,0.0,57.0,S,1.0,B20
692.0,3.0,"Karun, Miss. Manca",female,4.0,0.0,1.0,13.4167,C,1.0,
693.0,3.0,"Lam, Mr. Ali",male,,0.0,0.0,56.4958,S,1.0,
694.0,3.0,"Saad, Mr. Khalil",male,25.0,0.0,0.0,7.225,C,0.0,
695.0,1.0,"Weir, Col. John",male,60.0,0.0,0.0,26.55,S,0.0,
696.0,2.0,"Chapman, Mr. Charles Henry",male,52.0,0.0,0.0,,S,0.0,
697.0,3.0,"Kelly, Mr. James",male,44.0,0.0,0.0,,S,0.0,
698.0,3.0,"Mullens, Miss. Katherine ""Katie""",female,,0.0,0.0,7.7333,Q,1.0,
699.0,1.0,"Thayer, Mr. John Borland",male,49.0,1.0,1.0,110.8833,C,0.0,C68
700.0,3.0,"Humblen, Mr. Adolf Mathias Nicolai Olsen",male,42.0,0.0,0.0,7.65,S,0.0,F G63
701.0,1.0,"Astor, Mrs. John Jacob (Madeleine Talmadge Force)",female,18.0,1.0,0.0,227.525,C,1.0,C62 C64
702.0,1.0,"Silverthorne, Mr. Spencer Victor",male,35.0,0.0,0.0,26.2875,S,1.0,E24
703.0,3.0,"Barbara, Miss. Saiide",female,18.0,0.0,1.0,14.4542,C,0.0,
704.0,3.0,"Gallagher, Mr. Martin",male,25.0,0.0,0.0,7.7417,Q,0.0,
705.0,3.0,"Hansen, Mr. Henrik Juul",male,26.0,1.0,0.0,7.8542,S,0.0,
706.0,2.0,"Morley, Mr. Henry Samuel (""Mr Henry Marshall"")",male,39.0,0.0,0.0,26.0,S,0.0,
707.0,2.0,"Kelly, Mrs. Florence ""Fannie""",female,45.0,0.0,0.0,13.5,S,1.0,
708.0,1.0,"Calderhead, Mr. Edward Pennington",male,42.0,0.0,0.0,26.2875,S,1.0,E24
709.0,1.0,,,22.0,0.0,0.0,151.55,S,1.0,
710.0,3.0,"Moubarek, Master. Halim Gonios (""William George"")",male,,1.0,1.0,15.2458,,1.0,
711.0,1.0,"Mayne, Mlle. Berthe Antonine (""Mrs de Villiers"")",female,24.0,0.0,0.0,49.5042,C,1.0,C90
712.0,1.0,"Klaber, Mr. Herman",male,,0.0,0.0,26.55,S,0.0,C124
713.0,1.0,"Taylor, Mr. Elmer Zebley",male,48.0,1.0,0.0,52.0,S,1.0,C126
714.0,3.0,"Larsson, Mr. August Viktor",male,29.0,0.0,0.0,9.4833,S,0.0,
715.0,2.0,"Greenberg, Mr. Samuel",male,52.0,0.0,0.0,13.0,S,0.0,
716.0,3.0,"Soholt, Mr. Peter Andreas Lauritz Andersen",male,19.0,0.0,0.0,7.65,S,0.0,F G73
717.0,1.0,"Endres, Miss. Caroline Louise",female,38.0,0.0,0.0,227.525,C,1.0,C45
,2.0,"Troutt, Miss. Edwina Celia ""Winnie""",female,27.0,0.0,0.0,10.5,S,1.0,E101
719.0,3.0,"McEvoy, Mr. Michael",male,,0.0,0.0,15.5,Q,0.0,
720.0,3.0,"Johnson, Mr. Malkolm Joackim",male,33.0,0.0,0.0,7.775,S,0.0,
721.0,2.0,"Harper, Miss. Annie Jessie ""Nina""",female,6.0,0.0,1.0,33.0,S,1.0,
722.0,3.0,"Jensen, Mr. Svend Lauritz",male,17.0,1.0,0.0,7.0542,S,0.0,
723.0,2.0,"Gillespie, Mr. William Henry",male,34.0,0.0,0.0,13.0,S,0.0,
724.0,2.0,"Hodges, Mr. Henry Price",male,50.0,0.0,0.0,13.0,S,0.0,
725.0,1.0,"Chambers, Mr. Norman Campbell",male,27.0,1.0,0.0,53.1,S,1.0,E8
726.0,3.0,"Oreskovic, Mr. Luka",male,20.0,0.0,0.0,8.6625,S,0.0,
727.0,2.0,"Renouf, Mrs. Peter Henry (Lillian Jefferys)",female,30.0,3.0,0.0,21.0,S,1.0,
728.0,3.0,"Mannion, Miss. Margareth",female,,0.0,0.0,7.7375,Q,1.0,
729.0,2.0,"Bryhl, Mr. Kurt Arnold Gottfrid",male,25.0,1.0,0.0,26.0,S,0.0,
730.0,3.0,"Ilmakangas, Miss. Pieta Sofia",female,25.0,1.0,0.0,7.925,S,0.0,
731.0,1.0,"Allen, Miss. Elisabeth Walton",female,29.0,0.0,0.0,211.3375,S,1.0,B5
732.0,3.0,"Hassan, Mr. Houssein G N",male,11.0,0.0,0.0,18.7875,C,0.0,
,2.0,"Knight, Mr. Robert J",male,,0.0,0.0,0.0,S,0.0,
734.0,2.0,"Berriman, Mr. William John",male,23.0,0.0,0.0,13.0,S,0.0,
735.0,2.0,"Troupiansky, Mr. Moses Aaron",male,23.0,0.0,0.0,13.0,S,0.0,
736.0,3.0,"Williams, Mr. Leslie",male,28.5,0.0,0.0,16.1,S,0.0,
737.0,3.0,"Ford, Mrs. Edward (Margaret Ann Watson)",female,48.0,1.0,3.0,34.375,S,0.0,
738.0,1.0,"Lesurer, Mr. Gustave J",male,35.0,0.0,0.0,512.3292,C,1.0,B101
739.0,3.0,"Ivanoff, Mr. Kanio",male,,0.0,0.0,7.8958,S,0.0,
740.0,3.0,"Nankoff, Mr. Minko",male,,0.0,0.0,7.8958,S,0.0,
741.0,1.0,"Hawksford, Mr. Walter James",male,,0.0,0.0,30.0,S,1.0,D45
742.0,1.0,,male,36.0,1.0,0.0,78.85,S,0.0,C46
743.0,1.0,"Ryerson, Miss. Susan Parker ""Suzette""",female,21.0,2.0,2.0,262.375,C,1.0,B57 B59 B63 B66
744.0,3.0,"McNamee, Mr. Neal",male,24.0,1.0,0.0,16.1,S,0.0,
745.0,3.0,"Stranden, Mr. Juho",male,31.0,0.0,0.0,7.925,S,1.0,
746.0,1.0,"Crosby, Capt. Edward Gifford",male,70.0,1.0,1.0,71.0,S,0.0,B22
747.0,3.0,"Abbott, Mr. Rossmore Edward",male,16.0,1.0,1.0,20.25,S,0.0,
748.0,2.0,"Sinkkonen, Miss. Anna",female,30.0,0.0,0.0,13.0,S,1.0,
749.0,1.0,"Marvin, Mr. Daniel Warner",male,,1.0,0.0,53.1,S,0.0,D30
750.0,3.0,"Connaghton, Mr. Michael",male,,0.0,0.0,7.75,Q,0.0,
751.0,2.0,"Wells, Miss. Joan",female,4.0,1.0,1.0,23.0,S,1.0,
752.0,3.0,"Moor, Master. Meier",male,6.0,0.0,1.0,12.475,S,1.0,E121
753.0,3.0,"Vande Velde, Mr. Johannes Joseph",male,33.0,0.0,0.0,9.5,S,0.0,
754.0,3.0,"Jonkoff, Mr. Lalio",male,23.0,0.0,0.0,7.8958,S,0.0,
755.0,2.0,"Herman, Mrs. Samuel (Jane Laver)",female,48.0,1.0,2.0,65.0,S,1.0,
756.0,2.0,"Hamalainen, Master. Viljo",male,0.67,1.0,1.0,14.5,S,1.0,
757.0,3.0,"Carlsson, Mr. August Sigfrid",male,28.0,0.0,0.0,7.7958,S,0.0,
758.0,2.0,"Bailey, Mr. Percy Andrew",male,18.0,0.0,0.0,11.5,S,0.0,
759.0,3.0,"Theobald, Mr. Thomas Leonard",male,34.0,0.0,0.0,8.05,S,0.0,
760.0,1.0,"Rothes, the Countess. of (Lucy Noel Martha Dyer-Edwards)",female,33.0,0.0,0.0,86.5,S,1.0,B77
761.0,3.0,"Garfirth, Mr. John",male,,0.0,0.0,14.5,S,0.0,
762.0,3.0,"Nirva, Mr. Iisakki Antino Aijo",male,41.0,0.0,,7.125,S,0.0,
763.0,3.0,"Barah, Mr. Hanna Assi",,20.0,0.0,0.0,7.2292,C,1.0,
764.0,1.0,"Carter, Mrs. William Ernest (Lucile Polk)",female,36.0,1.0,2.0,120.0,S,1.0,B96 B98
765.0,3.0,"Eklund, Mr. Hans Linus",male,16.0,0.0,0.0,7.775,S,,
766.0,1.0,"Hogeboom, Mrs. John C (Anna Andrews)",female,51.0,1.0,0.0,77.9583,S,1.0,D11
767.0,1.0,"Brewe, Dr. Arthur Jackson",male,,0.0,0.0,39.6,C,0.0,
768.0,3.0,"Mangan, Miss. Mary",female,30.5,0.0,0.0,7.75,Q,0.0,
769.0,3.0,"Moran, Mr. Daniel J",male,,1.0,0.0,24.15,Q,0.0,
770.0,3.0,"Gronnestad, Mr. Daniel Danielsen",male,32.0,0.0,0.0,8.3625,S,0.0,
771.0,3.0,"Lievens, Mr. Rene Aime",male,24.0,0.0,0.0,9.5,S,0.0,
772.0,3.0,"Jensen, Mr. Niels Peder",male,48.0,0.0,0.0,7.8542,S,0.0,
773.0,2.0,"Mack, Mrs. (Mary)",female,57.0,0.0,0.0,10.5,S,0.0,E77
774.0,3.0,"Elias, Mr. Dibo",male,,0.0,0.0,7.225,C,0.0,
775.0,2.0,"Hocking, Mrs. Elizabeth (Eliza Needs)",female,54.0,1.0,3.0,23.0,S,1.0,
776.0,3.0,"Myhrman, Mr. Pehr Fabian Oliver Malkolm",male,18.0,0.0,0.0,7.75,S,0.0,
777.0,3.0,"Tobin, Mr. Roger",male,,0.0,0.0,7.75,Q,0.0,F38
778.0,3.0,"Emanuel, Miss. Virginia Ethel",female,5.0,0.0,0.0,12.475,S,1.0,
779.0,3.0,"Kilgannon, Mr. Thomas J",male,,0.0,0.0,7.7375,Q,0.0,
780.0,1.0,"Robert, Mrs. Edward Scott (Elisabeth Walton McMillan)",female,43.0,0.0,1.0,211.3375,S,1.0,B3
781.0,3.0,"Ayoub, Miss. Banoura",female,13.0,0.0,0.0,7.2292,C,1.0,
782.0,1.0,"Dick, Mrs. Albert Adrian (Vera Gillespie)",female,17.0,1.0,0.0,57.0,S,1.0,B20
783.0,1.0,"Long, Mr. Milton Clyde",male,29.0,0.0,0.0,30.0,S,0.0,D6
784.0,3.0,"Johnston, Mr. Andrew G",male,,1.0,2.0,23.45,S,0.0,
785.0,3.0,"Ali, Mr. William",male,25.0,0.0,0.0,7.05,S,0.0,
786.0,3.0,"Harmer, Mr. Abraham (David Lishin)",male,25.0,0.0,0.0,7.25,S,0.0,
787.0,3.0,"Sjoblom, Miss. Anna Sofia",female,18.0,0.0,0.0,7.4958,S,1.0,
788.0,3.0,"Rice, Master. George Hugh",male,8.0,4.0,1.0,29.125,Q,0.0,
789.0,3.0,"Dean, Master. Bertram Vere",male,1.0,1.0,2.0,20.575,S,1.0,
790.0,1.0,"Guggenheim, Mr. Benjamin",male,46.0,0.0,0.0,79.2,C,0.0,B82 B84
791.0,3.0,"Keane, Mr. Andrew ""Andy""",male,,0.0,0.0,7.75,Q,0.0,
,2.0,"Gaskell, Mr. Alfred",male,16.0,0.0,0.0,26.0,S,0.0,
793.0,3.0,"Sage, Miss. Stella Anna",female,,8.0,2.0,69.55,S,0.0,
794.0,1.0,"Hoyt, Mr. William Fisher",male,,0.0,0.0,30.6958,C,0.0,
795.0,3.0,"Dantcheff, Mr. Ristiu",male,25.0,0.0,0.0,7.8958,S,0.0,
796.0,2.0,"Otter, Mr. Richard",male,39.0,0.0,0.0,13.0,S,0.0,
797.0,1.0,"Leader, Dr. Alice (Farnham)",female,49.0,0.0,0.0,25.9292,S,1.0,D17
798.0,3.0,"Osman, Mrs. Mara",female,31.0,0.0,0.0,8.6833,S,1.0,
799.0,3.0,"Ibrahim Shawah, Mr. Yousseff",male,30.0,0.0,0.0,7.2292,C,0.0,
800.0,3.0,"Van Impe, Mrs. Jean Baptiste (Rosalie Paula Govaert)",female,30.0,1.0,1.0,24.15,S,0.0,
801.0,2.0,"Ponesell, Mr. Martin",,34.0,0.0,0.0,13.0,S,0.0,
802.0,2.0,"Collyer, Mrs. Harvey (Charlotte Annie Tate)",female,31.0,1.0,1.0,26.25,S,1.0,
803.0,1.0,"Carter, Master. William Thornton II",male,11.0,,2.0,120.0,S,1.0,B96 B98
804.0,3.0,"Thomas, Master. Assad Alexander",male,0.42,0.0,1.0,8.5167,C,1.0,
805.0,3.0,"Hedman, Mr. Oskar Arvid",male,27.0,0.0,0.0,6.975,S,1.0,
806.0,3.0,"Johansson, Mr. Karl Johan",male,31.0,0.0,0.0,7.775,S,0.0,
807.0,1.0,"Andrews, Mr. Thomas Jr",male,,0.0,0.0,0.0,S,0.0,A36
808.0,3.0,"Pettersson, Miss. Ellen Natalia",female,18.0,0.0,0.0,7.775,S,0.0,
809.0,2.0,"Meyer, Mr. August",male,39.0,0.0,0.0,13.0,S,0.0,
810.0,1.0,"Chambers, Mrs. Norman Campbell (Bertha Griggs)",female,33.0,1.0,0.0,53.1,S,1.0,E8
811.0,3.0,"Alexander, Mr. William",male,26.0,0.0,0.0,7.8875,S,0.0,
812.0,3.0,"Lester, Mr. James",male,39.0,0.0,0.0,24.15,S,0.0,
813.0,2.0,"Slemen, Mr. Richard James",male,35.0,0.0,0.0,10.5,S,0.0,
814.0,3.0,"Andersson, Miss. Ebba Iris Alfrida",female,6.0,4.0,2.0,31.275,S,0.0,
815.0,3.0,"Tomlin, Mr. Ernest Portage",male,30.5,0.0,0.0,8.05,S,0.0,
816.0,1.0,"Fry, Mr. Richard",male,,0.0,0.0,0.0,S,0.0,B102
817.0,3.0,"Heininen, Miss. Wendla Maria",female,23.0,0.0,0.0,7.925,S,0.0,
818.0,2.0,"Mallet, Mr. Albert",,31.0,1.0,1.0,37.0042,C,0.0,
819.0,3.0,"Holm, Mr. John Fredrik Alexander",male,43.0,0.0,0.0,6.45,S,0.0,
820.0,3.0,"Skoog, Master. Karl Thorsten",male,10.0,3.0,2.0,27.9,S,0.0,
821.0,1.0,"Hays, Mrs. Charles Melville (Clara Jennings Gregg)",female,52.0,1.0,1.0,93.5,S,1.0,B69
822.0,3.0,"Lulic, Mr. Nikola",male,27.0,0.0,0.0,8.6625,,1.0,
823.0,1.0,"Reuchlin, Jonkheer. John George",male,38.0,0.0,0.0,0.0,S,0.0,
824.0,3.0,"Moor, Mrs. (Beila)",female,27.0,0.0,1.0,12.475,S,1.0,E121
825.0,3.0,"Panula, Master. Urho Abraham",male,2.0,4.0,1.0,39.6875,S,0.0,
826.0,3.0,"Flynn, Mr. John",male,,0.0,0.0,6.95,Q,0.0,
827.0,3.0,"Lam, Mr. Len",male,,0.0,0.0,56.4958,S,0.0,
828.0,2.0,"Mallet, Master. Andre",male,1.0,0.0,2.0,37.0042,C,1.0,
829.0,3.0,"McCormack, Mr. Thomas Joseph",male,,0.0,0.0,7.75,Q,1.0,
830.0,1.0,"Stone, Mrs. George Nelson (Martha Evelyn)",female,62.0,0.0,0.0,80.0,,1.0,B28
831.0,3.0,"Yasbeck, Mrs. Antoni (Selini Alexander)",female,15.0,1.0,0.0,14.4542,C,1.0,
832.0,2.0,"Richards, Master. George Sibley",male,0.83,1.0,1.0,18.75,S,1.0,
833.0,3.0,"Saad, Mr. Amin",male,,0.0,0.0,7.2292,C,0.0,
834.0,3.0,"Augustsson, Mr. Albert",male,23.0,0.0,0.0,7.8542,S,0.0,
835.0,3.0,"Allum, Mr. Owen George",male,18.0,0.0,0.0,8.3,S,0.0,
836.0,,"Compton, Miss. Sara Rebecca",female,39.0,1.0,1.0,83.1583,C,1.0,E49
837.0,3.0,"Pasic, Mr. Jakob",male,21.0,0.0,0.0,8.6625,S,0.0,
838.0,3.0,"Sirota, Mr. Maurice",male,,0.0,0.0,8.05,S,0.0,
839.0,3.0,"Chip, Mr. Chang",male,32.0,0.0,0.0,56.4958,S,1.0,
840.0,1.0,"Marechal, Mr. Pierre",male,,0.0,0.0,29.7,C,1.0,C47
841.0,3.0,"Alhomaki, Mr. Ilmari Rudolf",male,20.0,0.0,0.0,7.925,S,0.0,
842.0,2.0,"Mudd, Mr. Thomas Charles",male,16.0,0.0,0.0,10.5,S,0.0,
843.0,1.0,"Serepeca, Miss. Augusta",female,30.0,0.0,0.0,31.0,C,1.0,
844.0,3.0,"Lemberopolous, Mr. Peter L",male,34.5,0.0,0.0,6.4375,C,0.0,
845.0,3.0,"Culumovic, Mr. Jeso",male,17.0,0.0,0.0,8.6625,S,0.0,
846.0,3.0,"Abbing, Mr. Anthony",male,42.0,0.0,0.0,7.55,S,0.0,
847.0,3.0,"Sage, Mr. Douglas Bullen",male,,8.0,2.0,69.55,S,0.0,
848.0,3.0,"Markoff, Mr. Marin",male,35.0,0.0,0.0,7.8958,C,0.0,
849.0,2.0,"Harper, Rev. John",male,28.0,0.0,1.0,33.0,S,0.0,
850.0,1.0,"Goldenberg, Mrs. Samuel L (Edwiga Grabowska)",female,,1.0,0.0,89.1042,C,1.0,C92
851.0,3.0,"Andersson, Master. Sigvard Harald Elias",male,4.0,4.0,2.0,31.275,S,0.0,
852.0,3.0,"Svensson, Mr. Johan",male,74.0,0.0,0.0,7.775,S,0.0,
853.0,3.0,"Boulos, Miss. Nourelain",female,9.0,1.0,1.0,15.2458,C,0.0,
854.0,1.0,"Lines, Miss. Mary Conover",female,16.0,0.0,1.0,39.4,S,1.0,D28
855.0,2.0,"Carter, Mrs. Ernest Courtenay (Lilian Hughes)",female,44.0,1.0,0.0,26.0,S,0.0,
,3.0,"Aks, Mrs. Sam (Leah Rosen)",female,18.0,0.0,1.0,9.35,S,1.0,
857.0,1.0,"Wick, Mrs. George Dennick (Mary Hitchcock)",female,45.0,1.0,1.0,164.8667,S,1.0,
858.0,1.0,"Daly, Mr. Peter Denis ",male,51.0,0.0,0.0,26.55,S,1.0,E17
859.0,3.0,"Baclini, Mrs. Solomon (Latifa Qurban)",female,24.0,0.0,3.0,19.2583,C,1.0,
860.0,3.0,"Razi, Mr. Raihed",male,,0.0,0.0,7.2292,C,0.0,
861.0,3.0,"Hansen, Mr. Claus Peter",male,41.0,2.0,0.0,14.1083,S,0.0,
862.0,2.0,"Giles, Mr. Frederick Edward",male,21.0,1.0,0.0,11.5,S,0.0,
863.0,1.0,"Swift, Mrs. Frederick Joel (Margaret Welles Barron)",female,48.0,0.0,0.0,25.9292,S,1.0,D17
864.0,3.0,"Sage, Miss. Dorothy Edith ""Dolly""",female,,8.0,2.0,69.55,S,0.0,
865.0,2.0,"Gill, Mr. John William",male,24.0,0.0,0.0,13.0,S,0.0,
866.0,2.0,"Bystrom, Mrs. (Karolina)",female,42.0,0.0,0.0,13.0,S,1.0,
867.0,2.0,"Duran y More, Miss. Asuncion",female,27.0,1.0,0.0,13.8583,C,1.0,
868.0,1.0,"Roebling, Mr. Washington Augustus II",male,31.0,0.0,0.0,50.4958,S,0.0,A24
869.0,3.0,"van Melkebeke, Mr. Philemon",male,,0.0,0.0,9.5,S,0.0,
870.0,3.0,"Johnson, Master. Harold Theodor",male,4.0,1.0,1.0,11.1333,S,1.0,
871.0,3.0,"Balkic, Mr. Cerin",male,26.0,0.0,0.0,7.8958,S,0.0,
872.0,1.0,"Beckwith, Mrs. Richard Leonard (Sallie Monypeny)",female,47.0,1.0,1.0,52.5542,S,1.0,D35
873.0,1.0,"Carlsson, Mr. Frans Olof",male,33.0,0.0,0.0,5.0,S,0.0,B51 B53 B55
874.0,3.0,"Vander Cruyssen, Mr. Victor",male,47.0,0.0,0.0,9.0,S,0.0,
875.0,2.0,"Abelson, Mrs. Samuel (Hannah Wizosky)",female,28.0,1.0,0.0,24.0,C,1.0,
876.0,3.0,,female,15.0,0.0,0.0,7.225,C,1.0,
877.0,3.0,"Gustafsson, Mr. Alfred Ossian",male,20.0,0.0,0.0,9.8458,S,0.0,
878.0,3.0,"Petroff, Mr. Nedelio",male,19.0,0.0,0.0,7.8958,S,0.0,
879.0,3.0,"Laleff, Mr. Kristo",male,,0.0,0.0,7.8958,S,0.0,
880.0,1.0,"Potter, Mrs. Thomas Jr (Lily Alexenia Wilson)",female,56.0,0.0,1.0,83.1583,C,1.0,C50
881.0,2.0,"Shelley, Mrs. William (Imanita Parrish Hall)",female,25.0,0.0,1.0,26.0,S,1.0,
882.0,3.0,"Markun, Mr. Johann",male,33.0,0.0,0.0,7.8958,S,0.0,
883.0,3.0,"Dahlberg, Miss. Gerda Ulrika",female,22.0,0.0,0.0,10.5167,S,0.0,
884.0,2.0,"Banfield, Mr. Frederick James",male,28.0,0.0,0.0,10.5,S,0.0,
885.0,3.0,"Sutehall, Mr. Henry Jr",male,25.0,0.0,0.0,7.05,S,,
886.0,3.0,"Rice, Mrs. William (Margaret Norton)",female,39.0,0.0,5.0,29.125,Q,0.0,
887.0,2.0,"Montvila, Rev. Juozas",male,27.0,0.0,0.0,13.0,S,0.0,
888.0,1.0,"Graham, Miss. Margaret Edith",female,19.0,0.0,0.0,,S,1.0,B42
889.0,3.0,"Johnston, Miss. Catherine Helen ""Carrie""",female,,1.0,2.0,23.45,S,0.0,
890.0,1.0,"Behr, Mr. Karl Howell",male,26.0,0.0,0.0,30.0,C,1.0,C148
891.0,3.0,"Dooley, Mr. Patrick",male,32.0,0.0,0.0,7.75,Q,0.0,
