fixed_acidity,volatile_acidity,citric_acid,residual_sugar,chlorides,free_sulfur_dioxide,total_sulfur_dioxide,density,pH,sulphates,alcohol,quality,wine_type
9.84,0.31,0.331,6.9,0.1105,28.2,97.5,0.993332,3.36,0.609,12.31,6,red
7.25,0.296,0.342,15.95,0.0777,28.8,93.7,0.991323,3.092,0.526,9.45,5,white
6.76,0.252,0.221,2.83,0.0296,47.5,155.7,0.995507,3.464,0.577,10.71,6,white
10.08,0.251,0.439,7.31,0.083,11.0,60.4,0.997461,3.236,0.504,11.01,5,red
7.5,0.209,0.282,0.9,0.0792,6.4,24.8,0.996858,3.081,0.883,10.93,5,red
6.58,0.503,0.468,4.99,0.0574,41.4,118.4,0.994107,3.09,0.471,10.04,5,white
7.22,0.229,0.456,9.84,0.0317,10.3,56.0,0.993747,3.233,0.569,12.04,6,white
10.77,0.162,0.0,0.9,0.1222,1.0,6.0,0.997083,3.331,0.69,8.0,5,red
6.31,0.263,0.279,3.98,0.0753,24.5,66.6,0.99,3.07,0.33,9.09,5,white
7.14,0.365,0.197,2.63,0.01,20.9,53.9,0.996994,3.085,0.707,11.2,6,red
6.4,0.199,0.31,6.35,0.0485,46.4,180.4,0.996944,3.119,0.518,9.34,6,white
4.52,0.835,0.303,2.41,0.1061,6.6,34.9,0.997883,3.372,0.403,9.27,5,red
6.37,0.312,0.451,1.82,0.1071,36.2,92.4,0.994095,2.991,0.435,9.84,6,white
7.7,0.326,0.347,8.7,0.0232,39.9,186.6,0.992328,3.16,0.493,9.46,5,white
7.64,0.622,0.281,0.9,0.1409,13.2,43.4,0.998049,3.489,1.128,11.16,5,red
7.9,0.222,0.359,7.78,0.0523,34.5,108.9,0.994184,3.145,0.387,11.49,6,white
6.89,0.602,0.524,1.38,0.0506,17.7,81.6,0.997912,3.374,0.711,10.51,5,red
7.72,0.581,0.309,1.56,0.1149,4.4,20.9,0.996286,3.084,0.715,11.67,5,red
7.76,0.552,0.39,3.38,0.095,17.4,72.6,0.992821,3.334,0.771,8.74,6,red
7.48,1.028,0.539,2.68,0.0599,12.5,38.7,0.999663,3.361,0.496,10.49,5,red
6.53,0.415,0.224,8.69,0.052,64.1,161.5,0.992399,3.36,0.738,12.02,6,white
8.09,0.335,0.38,2.07,0.0907,1.0,6.0,0.997872,3.512,0.801,11.57,6,red
6.33,0.322,0.435,3.54,0.0686,25.7,110.3,0.993548,3.23,0.555,12.12,7,white
11.31,0.387,0.0,6.14,0.0786,19.5,73.3,0.996999,3.626,0.794,9.69,5,red
7.84,0.41,0.439,0.9,0.0577,7.8,24.4,0.996547,3.053,0.466,11.5,6,white
6.93,0.122,0.377,20.45,0.0855,9.1,43.5,0.992248,3.294,0.498,9.89,5,white
7.83,0.354,0.403,1.76,0.0237,45.6,123.6,0.993848,3.285,0.42,11.11,6,white
7.62,0.592,0.0,4.95,0.0897,1.2,6.0,1.001401,3.54,0.621,11.97,6,red
5.94,0.71,0.435,2.57,0.0196,5.1,23.4,0.995014,3.445,0.413,9.45,6,red
6.49,0.198,0.341,3.59,0.0573,33.3,105.5,0.991432,3.086,0.538,8.17,5,white
7.25,0.282,0.44,5.25,0.0637,28.0,110.6,0.995195,3.095,0.343,12.62,6,white
7.46,0.27,0.324,7.08,0.0231,50.1,203.3,0.998783,3.306,0.521,10.99,6,white
10.11,0.561,0.389,0.92,0.01,4.4,18.9,0.995546,2.944,0.642,10.27,5,red
5.82,0.439,0.14,2.38,0.0889,11.3,59.0,0.997561,3.336,0.694,10.21,4,red
6.94,0.222,0.354,0.9,0.0375,51.5,213.2,0.991737,3.138,0.414,8.0,4,white
7.27,0.293,0.264,4.93,0.0476,47.4,128.0,0.99,3.216,0.539,10.65,6,white
6.49,0.204,0.321,2.91,0.0801,11.0,38.9,0.996231,2.915,0.33,9.76,6,white
10.11,0.509,0.24,1.59,0.0761,17.5,76.5,0.999536,3.293,0.852,10.46,5,red
7.83,0.816,0.113,0.9,0.1161,12.5,43.8,0.997316,3.594,0.562,10.44,4,red
6.61,0.243,0.365,1.5,0.062,22.4,107.6,0.996091,3.192,0.33,8.0,6,white
7.33,0.382,0.397,1.35,0.0575,66.8,205.0,0.994575,3.353,0.581,10.99,5,white
9.19,0.617,0.507,7.33,0.0961,8.4,24.7,0.996022,3.121,0.343,10.63,5,red
5.72,0.271,0.421,0.9,0.0618,31.3,99.9,0.993338,3.113,0.332,10.79,6,white
6.32,0.304,0.521,8.67,0.0328,36.4,186.9,0.992619,3.084,0.547,10.18,6,white
7.26,0.598,0.016,0.9,0.1375,23.4,106.4,0.997666,3.221,0.6,10.46,6,red
9.13,0.523,0.302,3.75,0.09,26.0,105.6,0.993698,3.15,0.896,10.61,5,red
6.38,0.487,0.328,9.69,0.0396,26.0,88.3,0.990357,3.2,0.412,10.73,5,white
6.45,0.672,0.175,4.18,0.01,5.5,29.0,0.996126,3.092,0.961,10.97,6,red
5.67,0.539,0.414,9.87,0.0311,9.2,47.6,0.99,2.873,0.598,10.74,6,white
7.19,0.212,0.475,4.74,0.052,51.8,191.7,0.99,3.013,0.43,12.62,6,white
9.32,0.585,0.373,0.92,0.1085,11.9,56.5,0.999534,3.37,0.711,9.53,5,red
6.28,0.209,0.48,10.62,0.1004,30.8,161.5,0.993615,3.115,0.417,9.95,6,white
9.22,0.436,0.28,1.73,0.0852,18.8,64.6,0.996567,3.381,0.553,12.43,7,red
8.05,0.564,0.762,1.7,0.0772,18.6,64.7,0.994811,3.266,0.833,10.21,5,red
6.0,0.252,0.417,1.0,0.0564,57.1,236.1,0.998657,3.28,0.502,11.52,6,white
6.13,0.194,0.35,26.18,0.0451,52.8,196.5,0.99,2.91,0.451,10.56,6,white
6.52,0.371,0.091,0.92,0.1131,1.0,6.0,0.997016,3.862,0.967,10.13,6,red
6.86,0.394,0.45,1.04,0.0476,10.4,42.6,0.990215,3.175,0.402,11.58,6,white
7.34,0.38,0.382,5.5,0.0441,17.1,53.7,0.997897,3.093,0.381,11.02,6,white
7.12,0.231,0.153,0.9,0.0115,40.8,145.5,0.995264,3.143,0.622,8.56,5,white
6.77,0.092,0.313,4.32,0.0508,47.2,212.9,0.99258,3.206,0.67,10.61,6,white
5.54,0.456,0.533,0.9,0.1643,19.2,51.0,0.995519,3.429,0.641,9.21,6,red
7.53,0.672,0.339,0.9,0.0296,22.7,80.0,0.994546,3.145,1.065,11.93,5,red
7.73,0.349,0.498,21.82,0.0433,15.8,40.2,0.99026,3.272,0.584,12.5,6,white
6.96,0.725,0.259,1.67,0.0998,5.8,28.8,0.999193,3.379,0.766,12.65,7,red
5.85,0.467,0.249,11.83,0.0642,26.9,76.8,0.992354,3.298,0.438,10.83,6,white
7.66,0.756,0.327,2.07,0.0191,11.8,32.3,0.996903,3.345,0.501,9.85,5,red
8.45,0.598,0.151,0.9,0.0519,23.2,112.8,0.998028,3.106,0.42,10.79,5,red
9.39,0.442,0.243,6.01,0.0174,1.0,6.0,0.996029,3.369,0.82,9.27,5,red
9.93,0.55,0.045,0.9,0.1162,16.3,74.1,0.997465,3.527,0.512,13.21,6,red
8.64,0.598,0.364,2.65,0.1426,24.3,88.5,0.997202,3.124,0.875,11.83,6,red
7.23,0.131,0.458,5.91,0.01,13.3,65.8,0.99,3.171,0.575,10.77,6,white
6.6,0.131,0.462,7.95,0.0913,54.8,167.1,0.994236,3.187,0.55,11.6,6,white
9.46,0.634,0.397,2.65,0.1307,25.6,70.6,0.997409,3.113,0.73,9.81,5,red
6.97,0.369,0.246,0.9,0.056,1.0,6.0,0.999264,3.436,0.385,9.07,5,red
6.34,0.124,0.506,8.12,0.0259,62.6,290.0,0.990113,3.233,0.57,8.0,5,white
7.92,0.548,0.44,0.9,0.0367,18.3,91.3,1.000891,3.247,0.719,10.5,6,red
7.13,0.207,0.311,3.64,0.053,42.2,141.6,0.992639,2.974,0.559,10.15,5,white
6.73,0.454,0.24,4.14,0.053,17.2,53.6,1.00106,3.251,0.486,11.02,6,white
5.7,0.243,0.212,11.59,0.0524,22.5,66.9,0.994105,3.051,0.699,10.42,6,white
7.48,0.123,0.198,0.9,0.0491,57.9,183.0,0.995055,3.513,0.539,10.97,6,white
6.42,0.408,0.331,2.54,0.0312,43.0,134.0,0.994118,3.254,0.455,11.37,6,white
8.07,0.42,0.432,6.41,0.0123,50.1,258.9,0.995025,3.274,0.505,8.65,5,white
5.68,0.189,0.487,6.18,0.0512,36.3,92.8,0.997278,3.227,0.479,11.44,6,white
10.12,0.63,0.023,8.93,0.041,22.7,116.8,0.994352,3.311,0.606,9.91,5,red
9.39,0.589,0.249,1.6,0.0479,25.8,67.7,0.998876,3.595,0.488,11.02,6,red
7.87,0.627,0.207,0.9,0.1046,17.2,85.8,0.993026,3.272,0.728,11.63,6,red
7.08,0.662,0.0,1.29,0.1693,4.5,16.8,0.996255,3.097,0.476,11.63,6,red
8.22,0.245,0.418,13.57,0.0887,11.0,29.9,0.994108,3.415,0.567,10.55,6,white
8.87,0.662,0.252,4.15,0.0381,22.2,108.8,0.997915,3.419,0.696,10.61,5,red
8.64,0.793,0.495,3.02,0.059,1.0,6.0,0.995986,3.424,0.831,11.47,6,red
8.23,0.493,0.652,1.08,0.1112,29.2,149.8,1.000638,3.533,0.33,8.6,5,red
5.42,0.259,0.404,3.27,0.0531,55.0,261.8,0.992369,3.263,0.48,9.26,5,white
6.37,0.247,0.403,31.87,0.1001,39.1,213.2,0.990423,3.212,0.33,10.06,6,white
6.29,0.187,0.229,9.59,0.0159,39.5,197.2,0.996263,3.181,0.575,8.8,5,white
8.8,0.293,0.272,4.26,0.0641,22.1,71.1,0.993143,3.436,0.411,10.07,6,red
8.67,0.737,0.224,3.26,0.01,20.1,74.9,0.995037,3.271,0.626,10.01,5,red
6.73,0.166,0.278,0.9,0.0647,40.0,183.6,0.997259,3.156,0.567,10.5,6,white
7.62,0.352,0.358,0.9,0.0235,31.8,109.6,0.993235,3.108,0.529,10.33,5,white
8.1,0.285,0.371,6.21,0.0618,68.7,284.5,0.99,2.902,0.38,11.68,6,white
5.28,0.304,0.46,7.02,0.0578,22.5,72.4,0.995408,3.278,0.525,11.09,7,white
10.16,0.684,0.367,2.69,0.1037,36.9,165.4,0.998417,3.287,0.708,10.31,6,red
6.12,0.245,0.489,0.9,0.0625,33.6,118.4,0.992946,3.071,0.548,10.0,6,white
6.92,0.279,0.333,0.96,0.0788,42.7,113.9,0.990828,3.162,0.406,10.34,5,white
5.82,0.228,0.269,1.5,0.0439,56.0,290.0,0.999136,3.115,0.547,10.36,5,white
8.15,0.313,0.266,33.83,0.0567,29.7,149.5,0.991994,3.117,0.636,13.42,6,white
7.18,0.564,0.073,5.42,0.1197,11.2,38.3,0.995019,2.995,0.754,8.65,5,red
7.94,0.55,0.162,8.57,0.1355,5.7,16.6,1.00055,3.319,0.507,9.29,5,red
8.07,0.308,0.411,10.03,0.0838,24.1,113.4,0.995248,3.351,0.59,9.11,5,white
6.79,0.089,0.568,13.85,0.0271,56.4,178.3,0.995163,3.348,0.685,10.72,6,white
6.91,0.522,0.078,1.2,0.1028,19.5,84.2,0.996786,3.451,0.56,10.68,5,red
8.29,0.611,0.574,1.26,0.1095,21.4,103.4,0.999168,3.365,0.568,9.71,5,red
5.7,0.481,0.42,9.65,0.0708,53.8,178.3,0.991559,3.422,0.656,11.48,6,white
7.74,0.99,0.198,3.67,0.0551,19.9,66.6,0.999026,3.312,0.33,10.84,4,red
12.04,0.479,0.346,2.04,0.0556,24.5,65.8,0.998321,3.076,0.596,11.53,7,red
7.31,0.352,0.318,1.7,0.0437,27.7,95.8,0.99,2.892,0.411,11.84,6,white
7.02,0.221,0.26,2.15,0.0318,47.8,205.1,0.992265,3.194,0.573,8.0,5,white
6.02,0.28,0.303,2.07,0.0395,26.8,79.7,0.995228,3.441,0.446,11.22,6,white
7.53,0.348,0.044,8.31,0.0678,47.9,256.7,0.999031,3.607,0.648,8.85,4,white
10.01,0.529,0.0,0.96,0.0226,23.9,111.5,0.997059,3.434,0.815,10.7,5,red
5.55,0.37,0.444,18.96,0.0422,28.6,89.1,0.992935,3.24,0.425,10.31,6,white
6.35,0.287,0.473,1.91,0.0199,66.1,270.5,0.994917,3.281,0.376,10.36,6,white
8.36,0.528,0.499,22.66,0.0215,22.3,82.1,0.996829,3.487,0.45,8.95,5,white
8.32,0.243,0.383,1.34,0.0616,11.0,40.3,0.996296,3.043,0.444,11.64,6,white
7.34,0.673,0.72,5.08,0.0998,22.3,93.1,0.995303,3.406,0.839,8.85,5,red
7.17,0.645,0.032,0.98,0.0746,12.3,34.6,1.000494,2.991,0.949,11.3,6,red
9.35,0.217,0.224,2.9,0.1273,7.7,24.2,0.995415,3.497,0.359,8.68,6,red
7.57,0.387,0.073,4.23,0.0707,21.0,61.8,0.999294,3.235,0.769,10.38,5,red
6.93,0.296,0.494,2.13,0.0613,10.7,32.5,0.992976,3.069,0.58,12.57,6,white
9.81,1.277,0.184,0.9,0.1722,29.3,130.7,0.997713,3.298,0.624,13.23,5,red
7.53,0.235,0.173,9.25,0.018,7.2,39.6,0.992783,2.942,0.472,8.46,5,white
5.55,0.717,0.515,2.18,0.0552,25.0,111.4,0.999167,3.113,0.61,9.55,5,red
6.55,0.624,0.197,1.81,0.017,17.3,94.5,0.998877,3.333,0.561,9.77,4,red
8.51,0.377,0.078,0.9,0.1747,33.3,140.7,0.996864,3.399,0.92,13.11,6,red
5.7,0.709,0.361,0.9,0.0611,17.4,58.3,0.995626,3.003,0.645,10.32,5,red
6.39,0.314,0.332,0.9,0.1232,26.9,137.7,0.995109,3.403,0.33,11.69,6,white
7.17,0.237,0.339,1.29,0.0346,43.7,117.9,0.992749,3.099,0.46,10.76,5,white
10.96,0.301,0.322,3.38,0.0937,8.0,22.4,0.992165,3.416,0.715,8.96,5,red
6.86,0.125,0.405,3.12,0.0275,54.5,290.0,0.994142,2.856,0.474,8.17,5,white
7.44,0.583,0.243,12.3,0.0699,24.2,107.8,0.995659,3.173,0.417,9.66,6,white
5.54,0.428,0.203,0.9,0.0569,34.5,182.4,0.993266,3.248,0.559,13.18,6,white
7.06,0.527,0.473,4.66,0.0971,10.5,30.5,1.001129,3.13,0.565,10.71,6,red
8.04,0.327,0.693,1.78,0.0745,17.1,82.3,0.99262,3.289,0.33,11.67,6,red
5.65,0.281,0.527,2.2,0.0774,21.8,69.8,0.994054,3.131,0.455,8.7,5,white
6.47,0.198,0.101,1.55,0.0747,27.8,98.1,0.996221,3.152,0.374,10.01,6,white
8.07,0.277,0.319,1.23,0.0745,17.4,90.7,0.999791,3.155,0.694,11.33,6,red
7.85,0.221,0.447,15.25,0.0369,40.0,149.3,0.994795,3.299,0.642,9.09,5,white
10.22,0.335,0.415,5.44,0.0859,5.9,26.5,0.997882,3.375,0.648,10.32,5,red
7.62,0.364,0.172,22.48,0.0435,43.6,225.1,0.992645,3.205,0.424,9.34,5,white
7.84,0.649,0.19,4.26,0.1049,20.1,102.8,1.001914,3.474,0.553,11.39,6,red
6.37,0.249,0.338,24.79,0.0698,25.1,63.5,0.991791,3.35,0.45,10.88,6,white
7.51,0.477,0.274,1.14,0.0615,6.5,19.4,0.997411,3.305,0.409,11.22,5,red
9.8,0.864,0.086,9.98,0.1748,12.6,66.4,0.996869,3.218,0.689,11.45,5,red
7.75,0.288,0.326,14.04,0.0401,44.7,187.1,0.997593,3.618,0.372,10.13,5,white
6.38,0.607,0.315,12.39,0.1267,20.4,80.6,0.9986,3.407,0.83,11.6,6,red
5.48,0.319,0.622,4.87,0.0696,38.5,103.7,0.993439,3.341,0.462,9.69,5,white
5.43,0.305,0.301,15.68,0.063,38.7,99.8,0.99,3.047,0.42,11.15,6,white
10.43,0.583,0.249,1.81,0.1406,7.9,42.2,0.9964,2.866,0.423,8.03,5,red
8.72,0.452,0.18,0.9,0.1608,15.1,59.1,0.998331,3.245,0.564,9.5,5,red
8.24,0.167,0.543,2.58,0.0438,36.2,176.1,0.998713,3.038,0.392,13.18,6,white
7.28,0.124,0.133,4.88,0.0599,23.2,73.4,0.99,3.17,0.602,11.13,5,white
6.29,0.269,0.373,2.26,0.0673,48.6,156.2,0.990736,3.47,0.688,11.13,6,white
8.81,0.293,0.327,4.67,0.114,11.3,47.2,0.998825,3.377,0.764,9.41,6,red
7.62,0.142,0.159,7.34,0.046,9.1,46.5,0.99,3.25,0.566,9.09,5,white
5.91,0.307,0.232,4.11,0.0392,31.7,106.6,0.994517,3.24,0.436,10.08,5,white
5.99,0.358,0.368,17.41,0.0757,38.3,133.4,0.995869,3.184,0.417,10.32,6,white
6.68,0.476,0.741,0.9,0.1615,2.1,8.6,0.993913,3.183,0.643,12.7,7,red
7.27,0.489,0.415,2.42,0.0366,1.0,6.0,0.994002,3.388,0.665,11.62,5,red
7.3,0.445,0.537,17.48,0.0229,33.8,122.9,0.990363,3.192,0.535,10.53,5,white
7.75,0.335,0.35,10.22,0.074,34.0,141.9,0.998126,3.356,0.702,10.48,5,white
9.15,0.409,0.417,5.18,0.0427,9.2,23.2,0.997829,3.309,0.607,11.31,6,red
6.8,0.346,0.228,0.9,0.01,12.7,56.1,0.99208,3.2,0.741,8.82,5,white
11.46,0.271,0.0,0.9,0.1472,14.9,39.6,0.998191,3.529,0.483,8.09,5,red
5.18,0.562,0.073,0.9,0.0835,26.1,121.6,0.999542,3.444,0.826,11.29,6,red
9.2,0.739,0.373,2.75,0.1103,7.4,36.4,0.996523,3.292,0.451,10.49,5,red
8.51,0.682,0.0,2.47,0.0865,7.6,38.0,0.997319,3.322,0.687,8.83,5,red
9.72,0.507,0.0,0.9,0.031,15.9,71.9,0.996284,3.462,0.968,8.0,4,red
9.57,0.199,0.372,6.44,0.1913,19.8,83.0,0.996447,3.284,0.847,11.47,6,red
8.25,0.659,0.228,5.61,0.1516,13.2,45.2,0.997039,3.424,0.747,9.77,6,red
6.43,0.258,0.468,10.56,0.0545,51.9,195.8,0.99,3.155,0.535,10.88,6,white
7.3,0.162,0.482,1.07,0.0698,11.5,31.7,0.997857,3.252,0.33,10.08,5,white
8.17,0.329,0.358,1.73,0.013,20.5,94.5,0.992868,3.284,0.542,10.36,5,white
5.68,0.382,0.362,1.55,0.0545,11.6,29.8,0.995793,3.513,0.617,9.69,5,red
5.77,0.118,0.405,4.72,0.0551,43.0,161.0,0.992978,3.328,0.464,10.31,6,white
8.47,0.34,0.168,0.9,0.1016,10.3,41.4,0.997479,3.243,0.726,11.09,6,red
7.41,0.262,0.083,7.38,0.0228,18.3,81.3,0.991811,3.229,0.437,10.07,5,white
6.64,0.296,0.398,4.52,0.0482,7.8,27.7,0.997175,3.31,0.475,10.0,6,white
8.26,0.311,0.136,3.5,0.1872,1.0,6.0,0.991795,3.191,0.633,11.13,6,red
10.45,0.274,0.0,2.2,0.0982,12.6,53.9,1.001593,3.39,0.693,11.21,6,red
7.57,0.397,0.242,4.58,0.0492,29.1,153.5,0.996002,3.171,0.35,9.04,5,white
6.78,0.251,0.357,2.51,0.0342,15.5,70.2,0.992931,3.008,0.434,10.37,6,white
6.15,0.383,0.36,1.3,0.0163,27.7,90.4,0.994155,3.383,0.33,9.77,6,white
7.02,0.292,0.34,0.9,0.0158,41.7,210.2,0.998575,3.131,0.692,10.42,5,white
6.61,0.331,0.344,5.72,0.01,31.0,82.7,0.991978,3.366,0.586,12.12,6,white
7.11,0.394,0.361,0.9,0.1203,18.5,61.5,0.994351,3.276,0.586,10.83,6,red
6.39,0.404,0.355,10.8,0.0581,50.7,143.3,0.995371,3.249,0.483,13.0,6,white
8.41,0.538,0.581,1.02,0.123,22.8,87.7,0.997371,3.273,0.448,10.66,5,red
7.0,0.236,0.476,5.36,0.025,1.8,7.8,0.995102,3.605,0.407,10.2,6,white
6.08,0.562,0.25,2.98,0.1718,13.4,54.8,0.999583,3.174,0.857,10.38,6,red
7.87,0.275,0.309,0.9,0.0605,25.7,126.7,0.990525,3.357,0.601,10.57,7,white
7.17,0.204,0.279,0.9,0.0452,22.3,93.7,0.99218,3.494,0.52,10.79,5,white
8.56,0.399,0.279,0.9,0.1102,23.1,74.0,0.998095,3.421,0.737,9.21,5,red
10.62,0.459,0.516,3.71,0.01,35.0,143.9,0.998767,3.32,0.8,10.12,6,red
6.38,0.902,0.099,1.94,0.0797,33.0,155.1,0.995283,3.624,0.542,9.53,5,red
8.88,0.479,0.388,4.71,0.0806,48.7,195.1,0.995743,3.239,0.44,11.64,6,white
7.05,0.214,0.311,4.04,0.07,35.3,135.0,0.99,2.774,0.489,8.09,5,white
5.46,0.548,0.329,4.32,0.0498,23.4,95.5,0.996733,3.149,0.415,10.59,5,red
7.03,0.32,0.38,5.52,0.0568,47.7,197.5,0.994701,3.224,0.33,8.58,5,white
6.72,0.275,0.499,6.63,0.0208,22.0,75.4,0.996232,3.167,0.407,10.92,6,white
8.44,0.474,0.0,1.04,0.1436,18.0,91.3,0.997337,3.399,0.98,9.92,6,red
7.04,0.28,0.189,2.72,0.0267,32.6,101.8,0.990288,3.168,0.662,8.22,4,white
8.21,0.677,0.329,0.91,0.01,25.3,65.7,0.992959,3.448,0.59,11.53,5,red
7.24,0.856,0.159,0.9,0.0306,25.7,121.2,0.996324,3.18,0.61,8.0,5,red
9.15,0.783,0.336,0.9,0.2246,9.8,49.1,0.998643,3.448,1.004,10.36,5,red
6.43,0.165,0.408,17.12,0.1093,19.6,86.9,0.991346,2.881,0.479,11.23,5,white
10.16,0.521,0.207,3.22,0.0975,1.0,6.0,0.997184,3.219,0.76,12.05,7,red
8.23,0.538,0.091,1.19,0.0885,11.5,62.6,0.996686,3.286,0.619,8.47,5,red
8.13,0.408,0.379,0.9,0.0275,53.0,191.3,0.994581,3.216,0.631,9.78,5,white
6.37,0.443,0.402,2.24,0.097,28.8,107.2,0.992014,3.053,0.341,11.7,6,white
7.57,0.3,0.298,0.9,0.0558,47.2,201.5,0.99732,3.088,0.401,11.78,5,white
6.6,0.567,0.464,2.13,0.0817,12.7,48.2,0.998393,3.527,0.591,11.94,5,red
7.04,0.435,0.259,1.13,0.0405,16.4,68.5,0.994944,3.124,0.544,13.47,7,white
9.29,0.301,0.372,3.02,0.0595,19.0,102.4,0.997574,3.322,0.366,9.79,5,red
6.17,0.285,0.294,17.73,0.0448,72.0,231.3,0.997282,3.18,0.33,10.85,6,white
10.62,0.189,0.273,0.9,0.0752,31.9,93.9,0.99706,3.229,0.674,9.98,5,red
8.74,0.425,0.213,0.9,0.1001,22.4,84.4,0.996434,3.234,0.521,8.03,5,red
8.43,0.429,0.295,2.27,0.0984,10.8,43.5,0.999218,3.079,0.348,10.29,5,red
7.7,0.209,0.184,7.39,0.0592,46.7,216.8,0.993775,3.04,0.681,8.01,5,white
9.65,0.868,0.499,1.95,0.0646,22.9,122.8,0.998437,3.412,0.717,9.78,5,red
8.5,0.633,0.627,1.69,0.1456,17.0,77.8,0.995918,3.299,0.727,8.64,5,red
7.14,0.291,0.307,22.37,0.0686,34.7,189.3,0.992373,3.185,0.659,10.93,6,white
6.84,0.253,0.283,7.82,0.0128,55.4,179.6,0.990441,3.229,0.656,9.47,6,white
5.98,0.733,0.187,0.9,0.0819,27.6,86.2,0.997094,3.511,0.63,8.26,4,red
6.65,0.28,0.355,7.74,0.0499,59.9,204.7,0.992401,3.256,0.33,11.44,6,white
7.27,0.225,0.267,22.1,0.042,54.2,263.6,0.99778,3.423,0.473,9.68,5,white
9.02,0.387,0.0,0.9,0.1109,35.7,109.2,0.995687,3.617,0.856,9.88,6,red
6.54,0.321,0.215,0.9,0.01,8.3,25.6,0.992316,2.995,0.6,9.23,5,white
6.66,0.239,0.294,6.2,0.0875,31.1,116.3,0.994572,2.949,0.33,11.78,6,white
7.12,0.57,0.164,1.43,0.1029,12.9,44.6,0.992707,3.273,0.729,10.72,6,red
9.36,0.485,0.0,0.9,0.091,1.0,6.0,0.996487,3.414,0.793,9.66,4,red
8.33,0.423,0.06,1.42,0.01,15.1,78.1,0.99521,3.173,0.486,8.1,4,red
7.09,0.822,0.344,4.93,0.1236,20.2,58.9,0.99886,3.437,0.577,13.41,6,red
6.29,0.356,0.387,1.84,0.0839,44.0,182.3,0.993389,3.214,0.616,12.78,6,white
6.58,0.103,0.396,12.9,0.019,30.3,83.8,0.996567,3.255,0.54,12.13,7,white
7.33,0.437,0.329,14.07,0.0182,43.8,138.7,0.99,3.134,0.596,9.56,5,white
8.56,0.246,0.0,8.45,0.1175,21.5,73.5,0.996334,3.192,0.938,9.8,5,red
8.31,0.38,0.541,2.64,0.142,4.7,20.1,0.996695,3.012,0.627,10.88,6,red
8.27,0.411,0.346,1.32,0.111,16.7,69.4,0.997553,3.533,0.654,9.33,5,red
7.82,0.209,0.318,0.9,0.01,66.1,290.0,0.996892,2.936,0.569,9.21,5,white
6.54,0.464,0.171,0.9,0.1315,26.2,129.8,0.995883,3.411,1.004,12.15,6,red
6.36,0.177,0.501,3.57,0.0668,52.0,159.3,0.997854,3.38,0.569,10.33,6,white
7.2,0.255,0.375,7.86,0.0656,54.3,256.8,0.996011,3.121,0.442,9.06,6,white
6.97,0.949,0.488,6.68,0.0578,16.8,75.8,0.992884,3.197,0.504,11.54,5,red
6.15,0.222,0.297,2.85,0.0564,47.1,129.0,0.994622,3.233,0.385,9.71,6,white
5.54,0.341,0.346,20.53,0.0279,30.4,107.4,0.995041,3.092,0.435,8.02,4,white
5.18,0.043,0.322,3.15,0.0386,34.0,87.8,0.99143,3.422,0.53,9.04,5,white
6.86,0.241,0.363,2.12,0.0221,29.5,81.7,0.992845,3.351,0.573,9.78,5,white
7.64,0.874,0.252,0.9,0.1324,1.0,6.0,0.999562,3.317,0.696,10.66,5,red
5.85,0.263,0.163,0.9,0.0397,33.1,106.9,0.992725,3.164,0.363,10.61,6,white
4.9,0.58,0.346,5.88,0.0912,19.9,103.4,0.996057,3.446,1.009,11.87,6,red
6.92,0.214,0.285,4.78,0.0283,27.4,142.0,0.994885,3.016,0.383,10.12,6,white
5.69,0.457,0.379,0.9,0.1074,1.0,6.0,0.996404,3.413,0.544,9.84,5,red
7.1,0.179,0.287,12.25,0.0881,16.6,78.3,0.997206,3.313,0.662,11.89,6,white
5.95,0.386,0.478,4.07,0.034,27.0,148.3,0.995597,3.178,0.637,11.57,6,white
11.76,0.536,0.355,2.06,0.01,31.8,118.6,0.998866,3.073,0.735,10.14,5,red
11.02,0.068,0.201,2.63,0.0556,18.8,76.3,0.997836,2.998,0.78,10.75,7,red
6.36,0.047,0.468,14.91,0.0749,55.5,247.0,0.994239,3.09,0.631,9.83,6,white
9.03,0.514,0.373,2.5,0.1259,1.0,6.0,0.997958,3.432,0.492,9.01,6,red
6.88,0.399,0.186,5.58,0.0352,26.9,131.7,0.997479,2.989,0.377,13.04,6,white
6.0,0.342,0.332,4.52,0.0354,17.8,48.0,0.99132,3.382,0.33,9.75,5,white
7.68,0.423,0.157,3.38,0.1562,12.8,59.6,0.99716,3.201,0.626,10.75,5,red
6.47,0.217,0.363,3.55,0.01,33.0,107.5,0.99069,3.219,0.492,8.58,6,white
8.18,0.277,0.397,1.26,0.0269,33.6,109.6,1.001454,3.13,0.492,11.28,6,white
5.1,0.16,0.163,14.4,0.0424,39.5,163.4,0.995322,3.014,0.33,8.95,5,white
9.8,0.765,0.33,6.57,0.0829,24.9,114.4,0.995851,3.288,0.33,12.41,6,red
5.6,0.975,0.273,5.07,0.1484,1.0,6.0,0.995412,3.575,0.785,12.56,5,red
8.61,0.664,0.093,1.61,0.1848,1.0,6.0,0.997601,3.176,0.547,11.08,5,red
6.67,0.339,0.288,4.16,0.0668,21.4,99.4,0.995627,2.834,0.33,10.54,6,white
6.48,0.368,0.036,10.84,0.0849,24.6,72.7,0.994838,3.385,0.349,10.18,5,white
6.25,0.125,0.2,0.9,0.0598,49.4,249.5,0.991214,3.191,0.602,10.34,6,white
6.82,0.813,0.417,4.84,0.1026,1.0,6.0,0.997717,3.348,0.5,10.89,4,red
5.76,0.253,0.284,6.23,0.0167,12.1,51.6,0.992166,3.283,0.488,10.51,5,white
6.71,0.271,0.159,0.97,0.0614,54.7,150.0,0.997141,3.356,0.345,11.58,6,white
7.21,0.259,0.333,2.23,0.0812,19.0,101.8,0.994169,3.105,0.581,9.3,5,white
7.79,0.202,0.294,2.41,0.1591,14.5,75.9,0.995558,3.42,0.791,12.23,6,red
6.0,-0.022,0.434,2.67,0.0721,43.3,133.1,0.996067,3.304,0.457,9.89,6,white
7.35,0.252,0.3,0.9,0.0756,26.3,117.9,0.997203,3.193,0.796,9.5,6,red
8.51,0.237,0.0,3.25,0.0766,33.3,162.7,0.996377,3.414,0.662,10.84,5,red
5.97,0.132,0.192,9.57,0.0208,41.6,119.3,0.99619,3.301,0.439,10.91,6,white
5.76,0.327,0.642,8.08,0.0461,57.5,243.6,0.995887,3.236,0.413,8.32,5,white
10.88,0.529,0.324,6.52,0.0849,18.9,95.4,0.998181,3.257,0.823,9.82,5,red
7.24,0.238,0.313,0.9,0.0395,1.0,6.0,0.99613,3.037,0.348,8.0,5,white
7.02,0.203,0.295,0.9,0.0781,71.2,290.0,0.993358,3.337,0.479,9.59,5,white
8.72,0.367,0.0,1.23,0.0854,23.5,62.1,0.99781,3.274,0.348,9.64,5,red
6.54,0.2,0.239,21.59,0.0524,16.7,87.6,0.99456,3.353,0.444,10.76,6,white
7.84,0.514,0.642,0.9,0.024,15.2,82.6,0.998654,3.224,0.554,9.45,4,red
8.02,0.609,0.229,2.88,0.0491,3.4,10.0,0.993612,3.524,0.578,9.74,6,red
6.63,0.315,0.25,5.42,0.1211,15.1,57.3,0.99575,3.279,0.428,11.96,6,red
6.95,0.265,0.074,18.34,0.01,25.3,110.5,0.996036,3.296,0.432,12.88,6,white
7.74,0.728,0.274,4.22,0.0445,21.1,109.2,0.997033,3.267,0.614,9.29,5,red
7.97,0.705,0.229,0.9,0.0593,32.8,97.6,0.996772,3.457,0.97,11.62,6,red
7.61,0.233,0.3,2.7,0.036,8.4,29.4,0.999102,3.22,0.473,10.87,6,white
6.23,0.311,0.314,5.05,0.0275,55.9,273.8,0.993242,3.297,0.366,8.31,4,white
7.45,0.126,0.47,28.29,0.0673,38.7,144.5,0.995315,3.111,0.382,9.45,5,white
4.94,0.302,0.237,35.19,0.0675,54.0,232.8,0.994098,3.417,0.436,8.0,5,white
6.1,0.278,0.204,1.71,0.1233,17.0,71.1,0.994464,3.315,0.486,10.79,6,red
9.64,0.505,0.444,1.63,0.1493,13.4,72.8,0.99679,3.293,0.434,9.11,5,red
8.19,0.335,0.399,20.88,0.0428,29.7,86.9,0.992449,3.129,0.519,10.56,7,white
5.86,0.321,0.283,5.9,0.0154,35.3,188.5,0.991285,3.094,0.431,13.49,6,white
10.42,0.514,0.071,0.9,0.1341,14.0,58.5,0.995884,3.393,0.663,12.31,6,red
9.61,0.49,0.542,0.9,0.1608,7.2,37.6,0.99721,3.336,0.499,9.48,5,red
8.22,0.72,0.36,2.02,0.01,1.0,6.0,0.993533,3.521,0.686,9.19,5,red
8.11,0.42,0.086,2.37,0.1253,18.3,80.9,0.996662,3.265,0.419,11.95,6,red
6.91,0.048,0.273,1.11,0.0727,33.8,169.5,0.996927,3.047,0.344,9.19,7,white
5.61,0.126,0.522,11.11,0.0507,33.2,161.6,0.991312,3.033,0.555,11.59,5,white
9.1,0.325,0.276,1.15,0.1612,14.6,36.8,0.994468,3.263,0.598,13.68,8,red
7.82,0.317,0.283,9.42,0.0642,20.1,77.5,0.995516,3.342,0.33,11.21,6,white
7.22,0.245,0.252,8.35,0.0649,50.4,143.5,0.997878,3.269,0.562,11.82,6,white
11.47,0.54,0.449,1.21,0.0532,7.1,20.9,0.996852,3.163,0.33,11.68,7,red
8.88,0.759,0.369,2.66,0.134,19.1,88.0,0.995436,3.54,0.716,9.73,5,red
7.26,0.3,0.31,6.11,0.0385,34.4,184.5,0.992017,3.289,0.595,10.75,6,white
9.31,0.234,0.067,0.9,0.1681,9.1,40.0,0.999062,3.511,0.62,9.25,5,red
6.35,0.435,0.371,0.9,0.0547,59.3,166.5,0.991286,3.224,0.544,11.95,6,white
8.03,0.262,0.323,5.48,0.0165,38.3,123.8,0.991678,3.356,0.54,9.1,5,white
7.85,0.286,0.474,0.9,0.0522,49.3,179.3,0.99,2.936,0.453,11.24,6,white
7.34,0.141,0.481,4.87,0.0112,37.5,107.7,0.991973,3.489,0.58,11.76,7,white
6.13,0.244,0.394,2.8,0.0292,26.4,133.1,0.99615,3.168,0.343,9.81,5,white
5.98,0.298,0.495,2.76,0.0355,32.6,100.5,0.994226,2.949,0.475,9.53,4,white
9.08,0.623,0.133,0.9,0.0151,28.6,82.7,0.996714,3.282,0.48,10.2,5,red
6.85,0.231,0.413,2.89,0.0333,44.7,208.9,0.99,3.205,0.645,9.33,5,white
5.39,0.313,0.451,8.51,0.0214,36.8,106.0,0.997151,3.086,0.437,10.59,6,white
7.2,0.431,0.452,6.55,0.053,21.5,80.2,0.995535,2.883,0.596,9.3,5,white
7.83,0.294,0.44,0.9,0.0402,31.2,126.4,0.993961,3.205,0.468,9.39,5,white
9.94,0.443,0.277,2.21,0.0582,16.8,46.2,0.997697,3.452,0.637,11.06,5,red
6.26,0.342,0.565,0.9,0.0227,31.9,132.8,0.992528,3.288,0.402,11.14,6,white
6.16,0.388,0.265,5.44,0.0496,35.0,138.0,0.995301,3.03,0.57,10.05,5,white
7.04,0.219,0.311,6.32,0.0993,65.7,290.0,0.993914,3.529,0.48,8.42,6,white
6.68,0.259,0.304,12.01,0.0397,57.9,182.9,0.994576,3.267,0.36,11.81,6,white
7.15,0.26,0.286,2.83,0.0491,17.4,62.2,0.996056,3.22,0.473,9.86,6,white
7.28,0.335,0.091,2.83,0.01,38.4,172.1,0.994464,3.283,0.635,12.87,6,white
7.23,0.526,0.122,0.9,0.0471,7.8,20.3,0.997462,3.578,0.342,10.24,4,red
9.83,0.335,0.141,3.85,0.1616,1.0,6.0,0.996012,3.255,0.821,10.56,6,red
6.98,0.368,0.35,13.33,0.0377,32.2,107.8,0.990332,3.457,0.534,9.88,5,white
6.51,0.224,0.159,4.56,0.0585,29.0,81.7,0.995432,3.142,0.33,10.69,5,white
6.72,0.369,0.404,1.84,0.0543,66.8,175.0,0.996047,3.181,0.662,14.57,6,white
5.79,0.532,0.398,2.95,0.0896,7.5,40.9,0.995096,3.435,0.667,9.98,5,red
8.16,0.568,0.336,0.9,0.1062,24.8,96.1,0.99444,3.265,0.433,11.93,6,red
6.15,0.256,0.016,8.04,0.0313,24.6,101.0,0.997924,3.159,0.927,10.51,6,red
7.14,0.351,0.246,8.75,0.0282,49.0,160.0,0.994633,3.002,0.673,11.81,5,white
6.71,0.191,0.261,2.8,0.05,55.1,139.1,0.995138,3.577,0.638,8.08,5,white
6.6,0.3,0.351,11.95,0.0795,17.1,81.3,0.995318,2.984,0.431,12.73,7,white
9.12,0.46,0.064,0.9,0.1036,24.8,115.8,0.994194,3.368,0.582,10.81,5,red
7.87,0.147,0.232,17.11,0.0482,42.7,231.2,0.991238,3.064,0.39,10.08,6,white
6.54,0.327,0.211,0.9,0.0484,35.3,90.6,1.003678,3.085,0.468,11.48,5,white
11.56,0.565,0.0,1.66,0.1453,1.0,6.0,0.997118,3.31,0.804,10.57,6,red
7.34,0.237,0.395,1.88,0.071,30.1,139.6,0.995157,3.109,0.506,9.02,5,white
5.8,0.284,0.506,8.88,0.0361,66.7,232.7,0.990415,3.338,0.458,8.0,4,white
8.19,0.805,0.247,0.9,0.0407,45.1,121.4,0.994912,3.252,0.82,12.59,7,red
9.57,0.321,0.318,6.39,0.1221,12.6,42.9,0.995405,3.403,0.467,10.13,6,red
7.03,0.287,0.471,1.27,0.0842,56.1,155.0,0.994098,3.353,0.426,9.66,5,white
6.34,0.198,0.567,15.2,0.056,49.1,246.4,0.996919,3.266,0.495,9.76,5,white
6.7,0.337,0.211,1.43,0.0485,17.3,88.8,0.992729,3.209,0.631,12.16,6,white
7.67,0.204,0.241,3.11,0.0346,50.5,222.6,0.99,3.231,0.373,9.81,5,white
9.62,0.772,0.535,0.91,0.1049,5.8,21.0,0.995062,3.215,0.55,11.17,5,red
5.63,0.269,0.261,4.9,0.0389,1.0,6.0,0.994092,2.928,0.514,10.0,5,white
8.11,0.163,0.239,31.7,0.0475,11.1,48.9,0.992561,3.299,0.531,8.89,5,white
7.36,0.755,0.196,1.77,0.0465,13.3,64.9,1.000626,3.449,0.682,11.48,6,red
6.68,0.395,0.516,29.72,0.0581,32.7,132.0,0.99522,3.314,0.411,11.72,5,white
6.76,0.59,0.476,0.9,0.0971,8.3,44.6,1.000472,3.246,0.688,9.58,5,red
6.55,0.681,0.187,0.9,0.1152,10.9,36.6,0.995317,3.399,0.475,10.35,5,red
7.19,0.615,0.202,3.68,0.1426,5.0,21.6,0.99354,3.359,0.785,10.52,5,red
5.63,0.238,0.371,0.9,0.0669,27.3,134.2,1.00018,2.936,0.343,10.93,6,white
7.88,0.655,0.42,1.31,0.0559,21.4,111.1,0.99831,3.482,0.659,12.77,6,red
7.03,0.512,0.19,6.24,0.01,12.7,67.8,0.99299,3.211,0.55,10.01,6,red
6.81,0.307,0.294,3.62,0.037,5.8,21.3,0.994773,3.27,0.601,10.0,6,white
7.33,0.51,0.372,2.34,0.0787,25.2,116.1,0.995069,3.152,0.509,10.19,5,red
5.99,0.108,0.309,2.62,0.0551,5.7,19.3,0.992603,3.319,0.531,9.27,6,white
8.22,0.198,0.393,7.88,0.01,29.7,132.0,0.996616,3.13,0.461,8.33,5,white
9.99,0.284,0.29,3.83,0.0461,11.3,34.6,0.99515,3.162,1.107,10.56,5,red
8.82,0.479,0.148,1.0,0.1586,7.1,26.6,0.99706,3.322,0.451,11.03,6,red
7.0,0.46,0.163,3.09,0.0352,22.6,119.1,0.991112,3.143,0.415,10.4,5,white
6.35,0.723,0.562,2.94,0.0277,11.3,55.7,0.995847,3.27,0.552,10.32,5,red
6.79,0.382,0.231,0.9,0.0662,14.3,56.9,0.99417,3.265,0.368,9.32,6,red
6.93,0.212,0.323,1.7,0.0677,58.1,171.0,0.997264,3.18,0.5,10.7,6,white
7.03,0.197,0.146,3.17,0.0246,32.8,121.2,0.991889,3.152,0.339,10.6,6,white
7.91,0.202,0.247,1.9,0.0873,1.0,6.0,0.99173,3.084,0.363,10.97,6,white
7.06,0.429,0.197,3.93,0.0586,50.2,135.8,0.997984,3.169,0.575,10.79,6,white
6.3,0.256,0.508,8.98,0.0243,27.2,141.9,0.992122,3.213,0.398,10.87,6,white
6.85,0.269,0.211,10.15,0.0457,30.3,120.6,0.99,3.025,0.416,11.98,5,white
5.46,0.357,0.176,21.07,0.0661,40.7,112.7,0.99088,3.253,0.5,11.09,8,white
4.94,0.114,0.36,2.78,0.0318,10.8,50.1,0.99657,3.116,0.388,10.98,5,white
7.47,0.285,0.532,1.73,0.0481,36.3,98.7,0.996282,3.22,0.612,8.31,5,white
6.5,0.17,0.316,1.33,0.052,44.1,162.6,0.991712,3.09,0.352,11.66,6,white
10.38,0.572,0.057,0.9,0.073,13.7,43.8,0.996568,3.555,0.931,10.04,6,red
7.46,0.221,0.485,3.62,0.0391,24.8,74.3,0.996019,3.333,0.408,10.5,5,white
7.92,0.216,0.435,13.32,0.0224,51.9,212.7,0.997948,3.033,0.507,8.87,5,white
7.87,0.707,0.529,1.33,0.16,1.0,6.0,0.993972,3.375,0.765,12.91,6,red
9.4,0.551,0.181,0.9,0.0677,27.5,108.9,0.995668,3.591,0.665,8.0,4,red
7.2,0.258,0.385,2.0,0.0514,32.7,162.2,0.99662,3.048,0.624,12.19,6,white
10.95,0.567,0.113,10.43,0.1366,23.8,124.8,0.996787,3.247,0.676,10.91,5,red
9.11,0.225,0.249,1.94,0.1442,25.8,126.8,0.997064,3.106,0.788,8.11,5,red
8.89,0.601,0.511,3.0,0.0346,4.2,22.5,0.996455,3.04,0.33,12.84,6,red
8.69,0.559,0.209,0.9,0.08,5.7,30.1,0.9978,3.279,0.6,11.02,6,red
4.84,0.232,0.382,1.57,0.049,36.3,181.3,0.996483,3.038,0.48,8.0,4,white
6.35,0.639,0.478,11.56,0.0508,14.3,48.3,0.996608,3.491,0.702,9.89,5,red
11.26,0.494,0.164,9.99,0.1051,8.4,25.4,0.994693,3.23,0.469,11.04,5,red
6.17,0.467,0.248,6.15,0.0413,39.1,183.0,0.994366,3.147,0.621,12.46,6,white
6.39,0.477,0.0,2.41,0.0616,13.6,68.4,0.996852,3.28,0.949,9.91,7,red
7.37,0.574,0.381,2.04,0.0822,30.1,149.5,0.994303,3.393,0.628,8.0,5,red
7.68,0.372,0.3,5.18,0.0391,37.0,164.1,0.99709,3.061,0.332,12.15,5,white
6.25,0.233,0.542,9.96,0.0432,46.6,232.7,0.991088,2.979,0.33,11.0,6,white
6.42,0.308,0.378,0.9,0.0286,28.1,129.9,0.993555,2.973,0.608,8.0,5,white
5.78,0.219,0.356,2.66,0.0829,3.9,17.7,0.990354,3.294,0.606,10.81,6,white
7.36,0.408,0.208,1.29,0.0168,1.0,6.0,0.99468,3.305,0.756,10.94,5,white
7.49,0.687,0.815,0.9,0.1797,42.8,166.0,0.998227,3.465,0.654,10.01,4,red
5.23,0.42,0.183,2.71,0.0474,43.8,113.9,0.997208,3.001,0.543,9.41,6,white
6.88,0.175,0.128,5.75,0.0395,57.1,158.5,0.993986,3.155,0.377,9.67,6,white
7.92,0.274,0.323,2.79,0.1311,11.1,45.6,0.994415,3.279,0.69,10.01,5,red
7.57,0.42,0.376,1.19,0.01,17.1,45.2,0.99326,3.145,0.435,10.83,7,white
9.67,0.537,0.119,3.2,0.01,12.5,65.6,0.993757,3.376,0.828,11.35,5,red
6.5,0.507,0.348,4.72,0.0239,58.1,223.9,0.99,3.187,0.417,8.0,5,white
8.39,0.253,0.506,1.87,0.0819,12.7,58.5,0.992117,3.269,0.494,10.71,5,white
6.81,0.306,0.565,4.42,0.0948,70.7,208.2,0.994108,3.267,0.582,10.99,6,white
8.7,0.918,0.037,8.54,0.0762,19.8,99.7,0.994521,3.274,0.809,10.6,5,red
6.37,0.129,0.309,3.44,0.0141,71.3,280.5,0.995472,3.102,0.566,9.91,6,white
7.35,0.116,0.419,1.97,0.0612,41.5,173.2,0.993831,3.146,0.54,12.1,7,white
7.07,0.571,0.659,1.91,0.1202,4.9,21.9,0.991908,3.393,0.62,12.01,6,red
7.06,0.378,0.234,0.9,0.0703,23.9,98.3,0.996035,3.812,0.621,9.96,4,red
5.83,0.119,0.508,9.45,0.0312,50.4,211.3,0.993691,3.461,0.549,10.3,6,white
6.75,0.909,0.259,2.79,0.0156,13.2,62.5,0.999122,3.36,0.404,11.33,5,red
7.8,0.333,0.266,5.85,0.0372,16.3,80.1,0.994528,3.137,0.503,11.94,6,white
6.31,0.481,0.287,8.36,0.0161,30.2,103.1,0.99,3.142,0.372,9.42,6,white
5.76,0.729,0.346,0.9,0.1302,16.5,86.9,0.996486,3.33,0.676,9.14,6,red
8.01,0.316,0.197,3.9,0.0674,56.1,199.8,0.995468,3.255,0.374,10.73,6,white
5.97,0.377,0.296,0.96,0.0731,9.1,30.2,0.995596,3.015,0.362,9.05,5,red
7.6,0.334,0.393,2.37,0.0478,36.6,125.8,1.001048,3.361,0.416,8.07,4,white
7.22,0.234,0.356,0.9,0.01,51.7,184.9,0.992715,3.28,0.402,9.42,5,white
11.28,0.543,0.0,0.9,0.0663,10.2,35.3,0.998512,3.573,0.66,10.9,6,red
7.4,0.223,0.291,3.89,0.0299,38.5,193.9,0.995567,3.09,0.33,12.26,5,white
8.27,0.276,0.413,4.66,0.0697,41.5,173.8,0.99961,3.353,0.33,9.55,5,white
6.29,0.298,0.457,3.48,0.0484,17.7,95.7,0.998598,3.166,0.578,10.25,6,white
7.37,0.548,0.639,0.9,0.1337,25.2,69.4,0.994396,3.321,0.555,10.59,5,red
5.99,0.258,0.381,5.63,0.01,56.5,245.2,0.993578,3.343,0.41,9.62,5,white
7.6,0.283,0.443,0.97,0.0928,3.2,8.9,0.996551,3.081,0.597,9.53,5,white
8.48,0.513,0.0,0.9,0.0748,12.5,48.3,0.993232,3.287,0.995,10.8,6,red
6.37,0.443,0.651,1.38,0.064,23.1,84.2,0.995776,2.813,0.426,8.96,5,white
8.07,0.469,0.569,0.9,0.1398,8.9,40.4,0.993126,3.278,0.794,9.48,4,red
6.26,0.189,0.319,7.49,0.0499,36.3,172.0,0.995749,3.364,0.7,10.16,6,white
8.45,0.487,0.579,1.79,0.1052,1.0,6.0,0.996863,3.209,0.607,10.79,5,red
6.75,0.349,0.299,0.9,0.0345,31.5,97.0,0.991204,3.28,0.512,8.58,5,white
8.97,0.243,0.23,3.83,0.1572,23.3,87.6,0.998332,3.391,0.889,10.24,5,red
6.91,0.517,0.033,0.9,0.0747,8.0,25.7,0.995735,3.27,0.723,8.85,5,red
7.61,0.42,0.246,0.9,0.0339,30.1,136.5,0.991774,3.191,0.425,9.58,5,white
7.07,0.126,0.473,18.31,0.0471,12.7,51.6,0.996775,3.227,0.54,11.35,6,white
7.27,0.335,0.163,3.4,0.0171,17.4,86.7,0.996439,3.496,0.49,10.31,5,white
6.93,0.409,0.134,0.9,0.0522,13.0,70.9,0.996553,3.386,0.733,12.4,6,white
9.45,0.456,0.246,2.7,0.1531,19.9,72.5,0.996263,3.169,0.713,10.31,6,red
7.17,0.07,0.229,6.96,0.01,43.2,226.4,0.993969,3.311,0.594,11.56,7,white
8.65,0.389,0.0,5.83,0.1548,27.6,133.5,0.99803,3.391,0.533,11.35,6,red
7.9,0.532,0.781,0.9,0.0953,34.1,100.4,0.998752,3.144,0.686,10.38,5,red
7.43,0.332,0.239,6.76,0.0638,33.0,165.1,0.997347,2.96,0.526,8.82,5,white
7.72,0.321,0.331,2.28,0.0513,30.1,118.7,0.997059,3.0,0.458,10.27,5,white
9.19,0.578,0.435,3.08,0.1548,14.6,67.4,0.994273,3.232,0.803,9.76,4,red
9.46,0.577,0.176,1.13,0.1348,10.7,49.3,0.997002,3.411,0.711,9.71,4,red
6.15,0.36,0.329,2.81,0.0328,11.7,60.3,0.996886,3.006,0.537,10.59,6,white
9.92,0.966,0.435,1.8,0.01,17.6,84.0,0.99406,3.254,0.678,8.66,4,red
8.38,0.505,0.135,1.78,0.1251,34.3,170.4,0.998947,3.177,0.78,9.35,5,red
7.74,0.48,0.137,0.97,0.0194,26.0,90.0,0.996369,3.355,1.054,9.19,6,red
8.8,0.454,0.279,0.9,0.0886,28.6,155.3,0.99658,3.155,0.764,10.09,5,red
6.46,0.355,0.248,0.9,0.0816,3.0,13.5,0.997563,3.62,0.798,9.48,5,red
5.12,0.285,0.388,13.98,0.0452,39.9,192.2,0.995753,3.358,0.381,9.56,5,white
6.19,0.406,0.404,0.9,0.1045,7.8,39.4,0.995863,3.48,0.983,10.56,5,red
6.69,0.35,0.489,13.15,0.0229,51.4,147.7,0.99,3.169,0.565,9.87,5,white
8.66,0.289,0.103,2.44,0.052,23.0,80.6,0.9951,3.01,0.433,10.41,5,white
8.24,0.389,0.302,7.61,0.0103,34.1,170.9,0.993804,3.092,0.572,9.06,4,white
6.02,0.243,0.371,6.5,0.0693,46.5,245.1,0.998211,3.462,0.452,9.41,4,white
6.92,0.136,0.327,15.1,0.0566,52.8,251.9,0.994545,3.138,0.503,12.85,7,white
5.63,0.328,0.217,10.21,0.0808,21.0,83.0,0.996336,3.024,0.47,9.56,5,white
5.75,0.293,0.174,4.46,0.0204,47.8,155.5,0.995526,3.263,0.427,8.0,4,white
5.84,0.33,0.427,3.63,0.0699,18.3,74.6,0.997063,3.137,0.738,10.81,6,white
6.62,0.154,0.239,2.26,0.0656,1.0,6.0,0.991341,3.213,0.398,9.55,6,white
6.65,0.459,0.119,3.97,0.041,22.3,114.9,0.994596,3.053,0.33,10.69,5,white
8.5,0.869,0.243,0.9,0.01,5.2,21.9,0.99936,3.347,0.476,10.29,5,red
7.33,0.251,0.385,1.35,0.0211,34.8,127.9,0.995961,3.072,0.504,11.06,6,white
6.53,0.186,0.316,0.9,0.0154,25.9,103.5,0.994767,3.31,0.449,10.28,4,white
9.98,0.528,0.561,0.97,0.0393,7.1,37.5,0.9955,3.352,0.724,10.13,6,red
5.92,0.17,0.316,16.4,0.0174,35.4,153.5,0.992986,3.033,0.598,11.78,7,white
6.03,0.53,0.33,2.25,0.0529,20.0,63.8,0.99863,3.21,0.685,8.0,6,red
7.27,0.413,0.41,1.52,0.0868,8.1,32.4,0.996854,3.374,0.48,8.81,5,red
7.32,0.452,0.142,0.9,0.0483,33.3,129.6,0.996128,3.276,0.349,9.41,4,white
9.4,0.383,0.168,2.25,0.0401,11.1,38.0,0.999104,3.37,0.758,8.37,6,red
10.21,0.626,0.256,3.52,0.0889,9.1,42.8,0.996025,3.427,0.794,9.82,5,red
12.55,0.604,0.424,2.59,0.1031,24.0,79.2,0.996272,3.185,0.894,9.71,6,red
5.8,0.282,0.407,3.81,0.0658,28.8,114.6,0.996816,3.039,0.646,11.57,6,white
8.13,0.36,0.461,0.9,0.0352,35.1,134.4,0.995152,3.323,0.528,10.29,6,white
6.34,0.346,0.363,1.11,0.0469,35.2,137.3,0.9926,3.192,0.495,10.14,5,white
7.35,0.39,0.397,0.9,0.0385,25.5,107.3,0.995208,3.025,0.376,9.94,5,white
7.67,0.231,0.363,4.95,0.0737,24.8,113.0,0.996045,3.024,0.51,9.14,5,white
6.04,0.288,0.331,21.67,0.0912,28.3,82.8,0.994011,3.175,0.462,11.47,7,white
6.86,0.405,0.175,3.09,0.0187,40.1,134.9,0.991772,3.107,0.516,11.85,6,white
8.68,0.423,0.482,1.32,0.0483,17.8,85.7,0.995257,3.319,0.501,8.95,4,red
6.89,0.337,0.168,0.9,0.0575,1.0,6.0,0.994556,3.147,0.589,12.34,6,white
7.09,0.258,0.312,3.13,0.0685,45.6,120.1,0.99,3.235,0.504,9.59,6,white
8.51,0.467,0.164,4.05,0.1807,12.0,32.6,0.994524,3.296,0.536,9.5,5,red
6.62,0.388,0.184,0.9,0.1053,30.3,160.5,0.998963,3.506,0.734,10.97,5,red
6.41,0.201,0.339,0.9,0.0757,55.2,162.4,0.996499,3.387,0.615,11.07,6,white
5.36,0.647,0.216,4.51,0.1216,10.0,54.4,0.997668,3.258,0.426,10.31,5,red
7.54,0.294,0.202,20.84,0.0772,51.1,254.5,0.994237,3.107,0.467,9.98,6,white
9.45,0.534,0.257,2.24,0.0683,9.2,26.2,0.995316,3.244,0.912,11.81,5,red
7.08,0.437,0.196,4.63,0.0168,37.2,104.4,0.998042,3.187,0.437,9.65,5,white
9.88,0.572,0.0,2.03,0.1122,26.8,145.5,0.996542,3.353,0.629,10.32,6,red
7.35,0.309,0.31,9.45,0.0516,35.8,116.8,0.99366,2.985,0.445,12.43,6,white
8.14,0.606,0.332,1.07,0.0157,1.0,6.0,0.997552,3.649,0.644,8.8,5,red
7.79,0.727,0.113,0.9,0.099,22.5,72.3,0.994844,3.186,0.727,9.85,5,red
9.93,0.54,0.358,3.1,0.0571,28.0,120.6,0.998279,3.408,0.94,11.63,6,red
7.55,0.179,0.555,9.37,0.0283,18.5,92.8,0.995645,3.229,0.42,11.03,5,white
6.41,0.291,0.135,1.17,0.0626,38.2,170.9,0.995867,2.953,0.472,11.47,5,white
5.73,0.316,0.484,14.44,0.052,49.5,130.8,0.993311,3.123,0.452,8.81,5,white
7.95,0.208,0.774,0.9,0.1438,21.8,93.6,0.994986,3.351,0.869,10.79,7,red
6.64,0.18,0.422,1.82,0.0213,58.1,260.6,0.993314,3.21,0.496,10.06,6,white
5.83,0.202,0.29,13.99,0.01,27.7,85.9,0.994064,3.241,0.601,13.13,7,white
6.88,0.804,0.055,0.9,0.115,21.1,101.1,0.995062,3.192,0.698,11.37,5,red
7.94,0.209,0.291,2.8,0.0436,18.1,79.4,0.993188,3.234,0.493,10.37,6,white
5.5,0.413,0.245,10.03,0.0268,37.2,93.9,1.000475,3.1,0.45,10.74,6,white
7.62,0.279,0.283,0.9,0.01,35.1,187.6,0.991299,3.297,0.531,10.47,6,white
8.65,0.483,0.253,5.2,0.0585,10.1,38.7,0.999559,3.413,0.527,11.24,6,red
10.11,0.585,0.488,2.58,0.1529,12.5,40.0,0.998009,3.206,0.488,9.37,6,red
8.27,0.347,0.463,8.5,0.0293,23.4,64.6,0.99,3.205,0.516,12.04,5,white
8.58,0.331,0.006,0.9,0.0362,28.5,103.2,0.996433,3.352,0.431,8.81,4,red
9.26,0.476,0.244,3.92,0.0895,27.8,95.0,0.997761,3.235,0.538,10.65,6,red
7.41,0.153,0.157,4.91,0.0553,45.7,155.1,0.994957,3.218,0.414,9.41,5,white
5.43,0.397,0.334,5.5,0.0377,66.4,290.0,0.996969,3.246,0.421,10.45,5,white
9.21,0.672,0.044,0.9,0.0618,15.6,69.3,0.997421,3.37,0.784,11.59,6,red
8.46,0.455,0.369,1.39,0.1531,7.2,20.8,0.997423,3.249,0.535,8.35,4,red
8.29,0.211,0.317,7.74,0.068,46.5,215.2,0.991396,2.98,0.616,10.2,6,white
8.38,0.581,0.068,1.67,0.0972,29.6,138.3,0.99549,3.453,0.373,8.67,4,red
10.89,0.507,0.094,0.9,0.0975,23.9,96.7,0.998185,3.269,0.657,10.06,5,red
7.84,0.681,0.296,1.01,0.0387,28.5,156.2,0.997284,3.232,0.56,8.67,5,red
5.97,0.339,0.314,13.58,0.0254,48.6,162.9,0.996482,3.152,0.359,10.59,6,white
7.7,0.184,0.29,1.96,0.0247,39.5,105.7,0.997399,3.102,0.557,9.89,6,white
8.44,0.474,0.549,2.02,0.1562,7.3,19.0,0.995739,3.047,0.801,11.3,6,red
9.49,0.541,0.259,2.72,0.0331,17.4,60.2,0.996298,3.597,0.65,11.87,6,red
6.39,0.242,0.43,1.96,0.0552,8.8,35.2,0.996321,3.262,0.648,10.41,6,white
6.35,0.245,0.478,8.35,0.0468,28.8,78.8,0.995542,3.024,0.33,11.47,6,white
6.42,0.267,0.229,10.25,0.0515,10.1,42.4,0.997275,2.925,0.439,12.06,6,white
9.6,0.394,0.241,4.84,0.1039,21.9,113.9,0.997309,3.283,0.835,9.29,6,red
6.59,0.405,0.265,5.41,0.0288,47.1,230.6,0.99,2.987,0.727,12.12,5,white
6.51,0.481,0.154,1.7,0.0378,25.1,113.5,0.992569,2.98,0.442,10.36,5,white
6.19,0.118,0.274,10.81,0.0346,36.4,163.3,0.997832,3.425,0.345,9.23,5,white
8.25,0.737,0.258,0.9,0.01,30.0,140.8,0.997,3.239,0.717,10.76,5,red
6.99,0.35,0.205,2.88,0.0674,40.1,159.6,0.995397,3.26,0.41,10.31,5,white
9.5,0.583,0.498,0.9,0.01,1.0,6.0,0.996758,3.281,1.017,8.71,5,red
9.67,0.492,0.428,1.36,0.1496,35.8,122.6,0.997813,3.275,0.998,9.08,6,red
10.85,0.052,0.295,0.9,0.1601,19.9,55.7,0.997623,3.318,0.596,12.36,7,red
8.5,0.438,0.248,5.71,0.0146,13.5,56.3,0.995028,3.388,0.495,10.73,6,white
11.42,0.507,0.484,1.41,0.0159,3.3,13.0,0.995533,3.233,0.602,12.18,6,red
6.07,0.386,0.221,1.65,0.0446,37.8,107.9,0.999109,3.145,0.437,9.9,6,white
5.95,0.239,0.247,6.8,0.0585,34.2,112.9,0.997411,3.257,0.496,9.44,5,white
7.65,0.27,0.491,2.59,0.0401,32.8,159.6,0.992841,3.381,0.636,8.38,5,white
8.96,0.328,0.086,0.92,0.1427,8.2,26.8,0.995684,3.1,0.993,11.56,6,red
6.99,0.129,0.453,7.77,0.0349,40.8,154.2,0.995031,3.153,0.428,10.89,5,white
8.82,0.527,0.4,0.9,0.0461,8.8,26.4,0.997063,3.296,0.794,9.91,6,red
6.79,0.355,0.409,6.17,0.0132,24.2,72.8,0.993765,3.259,0.575,9.45,5,white
9.21,0.722,0.262,2.59,0.01,23.9,114.2,0.995267,3.53,0.343,11.75,6,red
8.35,0.613,0.141,2.81,0.1934,9.8,26.3,0.99523,3.18,0.841,10.19,5,red
6.33,0.217,0.359,1.91,0.0223,70.0,235.0,0.993795,3.27,0.613,10.2,6,white
4.42,0.467,0.002,3.67,0.1277,17.8,96.8,0.99456,3.51,0.754,9.68,5,red
8.78,1.038,0.129,0.9,0.0653,10.1,39.6,0.996788,3.338,0.608,9.91,5,red
7.87,0.152,0.416,22.77,0.0381,42.9,185.4,0.991497,3.034,0.33,11.06,6,white
11.31,0.435,0.325,0.9,0.154,3.6,16.1,0.996961,3.465,0.788,8.7,4,red
9.6,0.692,0.424,2.76,0.0342,4.9,15.1,0.994337,3.444,0.853,10.5,5,red
11.03,0.665,0.246,1.72,0.1034,16.6,60.0,0.994638,3.372,0.344,11.55,6,red
8.75,0.618,0.538,0.9,0.1078,12.3,45.7,0.995946,3.519,0.718,10.3,6,red
6.46,0.338,0.556,13.84,0.035,72.0,229.8,0.996357,3.292,0.33,11.67,6,white
9.29,0.155,0.244,0.9,0.0501,20.9,67.1,0.997309,3.388,0.75,12.01,6,red
6.61,0.201,0.13,0.94,0.0187,14.1,61.0,0.990675,3.167,0.487,11.48,5,white
6.39,0.309,0.164,6.17,0.0845,31.6,89.4,0.991505,3.36,0.33,9.76,6,white
7.73,0.754,0.29,5.85,0.125,19.0,54.8,0.996852,3.205,0.678,10.36,5,red
7.14,0.436,0.572,1.2,0.0186,36.4,153.5,0.992097,3.271,0.337,10.81,5,white
6.23,0.14,0.332,11.36,0.0276,34.0,130.8,0.996099,3.21,0.551,9.84,5,white
8.52,0.429,0.099,0.9,0.0603,17.8,77.3,0.997079,3.157,0.53,9.8,6,red
7.96,0.633,0.478,6.46,0.186,1.0,6.0,0.995373,3.142,0.579,9.72,6,red
7.65,0.587,0.0,1.11,0.0258,4.8,22.2,0.995083,3.5,0.664,13.45,7,red
9.26,0.596,0.525,0.9,0.0144,8.2,41.6,0.993461,3.455,0.386,10.07,5,red
6.22,0.227,0.319,12.43,0.0785,64.4,262.2,0.992421,3.146,0.6,11.68,6,white
5.9,0.394,0.582,10.98,0.0452,14.2,71.4,0.992176,3.3,0.606,9.36,6,white
6.57,0.498,0.112,1.58,0.1386,16.5,61.1,0.998115,3.39,0.805,12.44,7,red
9.93,0.619,0.63,0.98,0.1174,1.6,6.0,0.999684,3.409,0.33,9.95,6,red
6.44,0.708,0.538,5.8,0.0884,15.1,54.7,0.995351,3.388,0.806,10.46,5,red
7.83,0.402,0.199,3.35,0.0909,13.7,52.5,0.99686,3.328,0.542,8.2,5,white
7.63,0.371,0.225,2.12,0.0692,18.0,91.8,0.993925,3.334,0.68,11.74,6,white
10.93,0.549,0.147,0.9,0.1859,17.5,61.2,0.998119,3.248,0.665,12.0,6,red
6.74,0.212,0.439,36.96,0.0592,21.7,74.9,0.992225,3.202,0.451,8.98,5,white
6.59,0.327,0.284,5.61,0.0188,1.0,6.0,0.990396,3.081,0.537,11.81,6,white
5.76,0.315,0.444,3.26,0.01,41.6,135.3,0.993086,3.112,0.443,8.8,5,white
7.36,0.175,0.346,0.9,0.0441,20.2,89.3,0.995387,3.223,0.373,11.16,7,white
6.89,0.355,0.295,2.9,0.0753,45.7,159.1,0.996581,3.183,0.624,10.05,5,white
9.77,0.497,0.071,3.68,0.1384,15.9,85.2,0.994869,3.099,0.789,12.0,5,red
7.99,0.447,0.01,1.5,0.1153,7.0,21.4,0.99677,3.061,0.524,10.7,6,red
7.08,0.333,0.304,5.72,0.0741,35.9,167.7,0.996259,3.131,0.415,11.52,6,white
8.44,0.629,0.125,2.05,0.1175,23.0,95.6,0.996752,3.157,0.639,11.89,6,red
8.7,0.323,0.317,5.09,0.1389,10.1,54.6,0.995752,3.338,0.666,10.05,6,red
6.25,0.225,0.404,5.43,0.0785,30.6,167.7,0.99337,3.273,0.407,10.37,5,white
7.75,0.296,0.527,0.9,0.0432,15.5,75.9,1.002313,3.337,0.783,9.07,5,white
8.44,0.26,0.363,0.9,0.0403,47.1,132.5,0.996569,3.345,0.454,10.04,5,white
5.91,0.165,0.424,11.58,0.0481,29.8,116.3,0.995532,3.308,0.609,12.71,7,white
7.38,0.141,0.399,0.9,0.01,10.4,52.5,0.996681,3.315,0.655,11.31,6,white
9.93,0.43,0.596,1.11,0.1112,13.9,61.5,0.995509,3.152,0.688,9.15,5,red
7.33,0.309,0.375,5.71,0.0608,36.7,188.6,0.99206,3.305,0.519,12.36,6,white
5.3,0.291,0.414,14.85,0.0482,27.4,134.3,0.990963,2.914,0.716,10.87,5,white
6.38,0.307,0.326,1.98,0.0526,41.8,143.7,0.995256,3.025,0.541,11.4,5,white
5.95,0.142,0.541,0.9,0.0749,13.4,41.3,0.996408,3.3,0.987,10.99,5,red
8.49,0.425,0.23,1.74,0.0854,3.8,13.1,0.995368,3.38,0.56,10.9,6,red
7.47,0.534,0.482,2.46,0.0816,54.6,250.3,0.993067,3.073,0.688,8.0,5,white
10.4,0.671,0.502,1.79,0.1081,20.8,82.2,0.994178,3.18,0.446,11.73,5,red
7.67,0.94,0.442,0.9,0.033,16.4,43.1,0.999118,3.278,0.875,8.0,5,red
6.39,0.228,0.38,5.45,0.0749,30.5,144.0,0.99,3.003,0.56,11.62,7,white
8.06,-0.006,0.44,20.59,0.0665,44.8,117.9,0.991817,3.247,0.478,10.52,5,white
6.45,0.37,0.24,5.14,0.0548,21.2,79.0,0.997875,3.4,0.493,11.4,6,red
10.55,0.822,0.486,4.41,0.1286,12.8,49.7,0.995794,3.335,0.659,10.59,5,red
8.25,0.464,0.526,7.98,0.0402,22.5,90.3,0.995086,3.227,0.609,11.65,6,red
8.04,0.137,0.295,13.16,0.0432,24.8,72.2,0.997705,3.004,0.402,10.42,5,white
7.37,0.164,0.182,4.92,0.0735,25.4,120.5,0.99,3.385,0.569,10.74,6,white
10.22,0.305,0.098,1.44,0.01,24.5,123.7,0.99621,3.399,0.746,10.89,6,red
7.37,0.446,0.428,0.9,0.1511,16.4,75.3,0.99708,3.218,0.557,12.65,6,red
5.94,0.488,0.093,7.12,0.1016,17.7,94.6,0.999516,3.281,0.71,11.12,6,red
8.98,0.662,0.425,1.01,0.1055,1.0,6.0,0.995903,3.346,0.358,8.82,5,red
5.43,0.46,0.374,5.71,0.1343,5.3,15.8,1.002022,3.311,0.945,9.72,5,red
6.26,0.317,0.07,6.5,0.0147,35.4,95.8,0.99,3.329,0.333,11.12,5,white
10.28,0.241,0.567,1.65,0.0964,11.8,55.1,0.991965,3.174,0.808,11.91,6,red
9.37,0.568,0.0,2.09,0.116,16.1,48.2,0.993793,3.35,0.692,9.53,6,red
6.72,0.157,0.362,10.59,0.0212,62.4,290.0,0.990351,3.314,0.512,13.09,6,white
9.43,0.43,0.331,0.9,0.0709,17.9,76.7,0.994412,3.297,0.468,10.61,5,red
12.12,0.446,0.0,4.44,0.0126,8.2,40.0,0.997796,3.484,0.531,10.9,5,red
7.62,0.6,0.572,2.11,0.0971,21.9,83.4,0.995793,3.386,0.535,8.9,5,red
9.1,0.78,0.455,1.39,0.1518,33.1,155.7,0.994308,3.224,0.664,11.74,5,red
7.84,0.39,0.189,0.9,0.1144,11.5,43.9,0.994771,3.288,0.885,9.87,5,red
6.59,0.085,0.341,1.94,0.0517,58.3,240.0,0.991824,3.166,0.417,9.5,5,white
8.41,0.702,0.0,0.9,0.1386,8.1,39.3,0.992654,3.264,0.507,10.02,5,red
6.18,0.225,0.383,3.0,0.0233,51.5,165.6,0.997226,2.912,0.454,12.06,6,white
6.64,0.576,0.33,16.08,0.0351,37.9,195.3,0.997034,3.019,0.587,10.96,5,white
10.61,0.523,0.03,0.9,0.1348,1.0,6.0,0.996037,3.342,0.6,9.33,5,red
9.39,0.294,0.321,0.9,0.0426,1.0,6.0,0.993891,3.254,0.657,9.76,5,red
8.45,0.56,0.0,1.78,0.1707,25.2,81.0,0.997812,3.198,0.79,12.09,6,red
9.31,0.536,0.084,1.77,0.1409,27.8,77.1,0.995727,3.308,0.538,10.12,5,red
6.14,0.303,0.411,8.74,0.0124,40.2,109.2,0.99092,3.375,0.385,11.07,6,white
9.03,0.316,0.358,0.9,0.1086,17.3,76.7,1.000518,3.508,0.827,11.37,5,red
6.86,0.257,0.304,2.8,0.0607,44.3,130.6,0.998096,2.963,0.454,8.0,5,white
6.67,0.364,0.473,12.21,0.0247,43.6,239.6,0.99187,3.039,0.558,11.92,5,white
5.19,0.362,0.121,0.9,0.0408,3.3,17.6,0.99435,2.885,0.394,9.38,5,white
6.5,0.34,0.249,7.08,0.0553,57.7,149.2,0.990908,3.023,0.586,9.97,5,white
7.1,0.278,0.478,0.9,0.0452,8.4,39.1,1.001091,3.114,0.621,12.25,7,white
8.2,0.163,0.55,2.89,0.0598,32.4,106.4,0.999465,3.215,0.386,12.14,5,white
7.25,0.272,0.604,7.53,0.0471,45.5,160.3,0.99864,3.21,0.497,10.99,6,white
9.47,0.581,0.132,0.9,0.01,14.2,45.6,0.99737,3.26,0.526,11.27,6,red
9.76,0.391,0.468,1.39,0.0735,1.4,7.1,0.997099,3.389,0.609,11.57,6,red
5.84,0.222,0.416,0.9,0.0888,13.8,71.4,0.99716,3.315,0.61,12.12,7,red
8.36,0.468,0.093,0.91,0.1025,12.2,31.9,0.997244,3.272,0.557,12.27,6,red
6.09,0.15,0.368,2.68,0.0232,43.7,144.6,0.992768,3.024,0.472,10.53,6,white
8.58,0.582,0.24,4.35,0.1181,18.4,70.9,0.995867,3.31,1.076,9.52,5,red
7.39,0.249,0.385,4.73,0.0729,41.7,169.4,0.992617,3.193,0.455,10.09,5,white
7.02,0.473,0.393,3.08,0.0305,9.2,25.5,0.992958,3.292,0.682,10.55,6,white
5.43,0.603,0.239,1.34,0.1309,21.5,107.4,0.998309,3.309,0.657,10.34,5,red
6.01,0.384,0.29,2.47,0.0282,20.0,105.9,0.994577,3.216,0.42,9.19,5,white
7.69,0.481,0.249,4.04,0.0417,18.1,67.1,0.995345,3.382,0.33,10.92,6,red
7.31,0.093,0.187,0.9,0.0891,33.5,170.0,0.995462,2.883,0.44,8.52,5,white
7.07,0.347,0.132,1.16,0.0351,54.7,247.9,0.992557,3.365,0.688,10.5,6,white
10.35,0.556,0.356,0.9,0.0941,12.0,51.1,0.995289,3.334,0.801,10.58,5,red
6.83,0.246,0.298,3.43,0.0202,24.8,123.0,0.998555,3.222,0.651,10.54,6,white
12.0,0.549,0.382,4.01,0.0909,1.3,6.0,0.997583,3.514,0.442,11.42,6,red
7.12,0.287,0.397,11.77,0.0297,71.4,290.0,1.000655,3.333,0.345,11.26,6,white
7.39,0.387,0.353,3.86,0.0766,47.6,158.2,0.997383,2.967,0.386,13.07,6,white
6.67,0.568,0.523,0.9,0.0819,12.9,59.8,0.997205,3.374,0.33,9.78,4,red
5.63,0.439,0.22,2.57,0.0112,20.8,62.0,0.993816,3.375,0.433,10.74,6,white
6.87,0.453,0.435,6.64,0.0571,24.5,79.2,0.99,3.067,0.415,10.66,6,white
5.4,0.075,0.318,1.59,0.0426,46.6,183.4,0.991882,3.136,0.428,10.6,6,white
6.54,0.161,0.278,14.11,0.0401,19.9,72.9,0.992188,3.132,0.56,8.88,5,white
6.39,0.099,0.308,13.24,0.0573,35.0,112.8,0.991141,3.276,0.505,8.98,4,white
7.76,0.492,0.635,3.3,0.0503,15.1,46.5,0.997672,3.148,0.8,10.41,6,red
8.39,0.211,0.266,1.72,0.044,37.6,190.9,0.997074,3.284,0.518,8.51,5,white
5.24,0.231,0.263,10.87,0.0141,16.7,71.2,0.99,3.097,0.416,10.0,5,white
10.19,0.552,0.141,1.9,0.0274,23.6,85.7,0.998917,2.989,0.735,9.62,6,red
6.7,0.351,0.367,2.66,0.1814,4.7,23.8,1.000574,3.327,0.842,10.04,5,red
8.82,0.669,0.229,3.57,0.1076,32.4,161.1,0.996758,3.131,0.805,11.76,5,red
5.68,0.278,0.361,2.74,0.0825,17.2,48.7,1.000321,3.556,0.812,9.11,5,red
9.85,0.718,0.002,5.07,0.1679,1.0,6.0,0.998433,3.484,0.679,11.44,5,red
6.05,0.52,0.421,0.9,0.0258,31.6,108.0,1.001137,3.269,0.644,9.71,5,red
6.75,0.277,0.397,45.9,0.0412,27.8,114.6,0.990417,3.071,0.447,9.86,6,white
8.5,0.562,0.299,3.67,0.181,11.0,51.4,0.996973,3.533,0.53,10.96,6,red
9.17,0.457,0.641,0.9,0.0802,8.9,22.6,0.998385,3.567,0.849,10.07,5,red
7.48,0.375,0.429,0.9,0.0378,11.1,44.8,0.993853,3.215,0.544,9.33,5,white
10.78,0.397,0.335,3.64,0.1239,6.1,20.6,0.997514,3.151,0.574,9.96,5,red
9.58,0.507,0.289,1.76,0.1484,9.2,37.9,0.999361,3.265,0.654,8.27,5,red
7.71,0.108,0.513,7.3,0.038,43.8,123.9,0.990112,2.983,0.438,10.86,6,white
6.29,0.136,0.18,1.74,0.0762,33.5,165.8,0.994236,3.194,0.368,8.0,5,white
8.08,0.184,0.383,3.53,0.0378,33.7,139.0,0.995748,3.099,0.518,11.47,6,white
7.3,0.486,0.162,2.71,0.0816,23.5,73.7,0.998215,3.603,0.673,11.14,6,red
11.11,0.398,0.625,0.9,0.0406,17.7,85.2,0.998149,3.099,0.538,12.32,6,red
6.88,0.299,0.482,3.52,0.0501,35.0,91.4,0.996201,3.196,0.679,13.02,6,white
6.86,0.255,0.394,0.9,0.0358,33.8,144.8,0.993393,3.219,0.485,11.52,6,white
4.7,0.502,0.48,11.68,0.0471,12.5,50.2,0.995808,3.375,0.33,9.65,5,white
6.65,0.11,0.331,0.9,0.0787,69.2,181.3,0.99463,3.041,0.431,13.01,6,white
8.21,0.425,0.0,1.51,0.198,33.1,107.4,0.997622,3.201,0.63,8.97,5,red
10.15,0.435,0.201,0.9,0.01,24.3,66.3,0.998363,3.388,0.936,8.12,5,red
8.07,0.177,0.222,1.17,0.0155,24.4,114.5,0.992698,3.202,0.333,12.62,6,white
7.48,0.29,0.338,4.07,0.019,17.9,82.8,0.994639,3.311,0.538,11.12,6,white
8.06,0.532,0.39,0.9,0.1571,10.4,28.8,0.996398,3.264,0.602,8.15,5,red
5.99,0.29,0.3,8.05,0.062,32.3,91.3,0.99,3.345,0.438,8.77,6,white
9.12,0.389,0.1,5.14,0.018,2.7,13.9,0.993917,3.257,0.65,11.06,6,red
8.35,0.062,0.376,10.55,0.0297,12.0,37.3,0.992304,3.093,0.482,9.36,6,white
10.2,0.69,0.534,4.04,0.0307,14.0,47.7,0.999416,3.373,0.458,9.53,5,red
4.92,0.428,0.027,1.99,0.0601,50.3,229.1,0.991719,3.041,0.465,12.76,6,white
7.79,0.529,0.35,4.0,0.1809,1.0,6.0,1.000516,3.353,0.549,12.98,7,red
8.0,0.334,0.239,0.9,0.0353,42.9,229.5,0.990883,3.085,0.528,10.58,6,white
8.13,0.403,0.227,2.63,0.0336,47.6,122.3,0.996845,3.019,0.514,10.22,5,white
8.86,0.577,0.608,3.56,0.0826,7.8,39.1,0.994718,3.076,0.736,11.48,5,red
7.76,0.36,0.228,2.91,0.0392,63.5,227.6,0.994078,3.391,0.43,9.73,5,white
6.84,0.386,0.309,7.55,0.0316,43.2,127.5,0.99239,3.182,0.516,8.0,4,white
5.14,0.214,0.254,3.29,0.0249,23.0,83.7,0.99,3.02,0.759,8.0,5,white
5.76,0.696,0.19,3.94,0.1029,16.9,91.3,0.994354,3.132,0.607,10.31,5,red
7.3,0.3,0.497,9.7,0.0643,51.8,211.6,0.99197,3.074,0.49,11.46,6,white
6.69,0.061,0.392,19.98,0.0118,38.6,103.3,0.990648,3.412,0.351,10.42,5,white
6.66,0.318,0.453,0.9,0.0588,43.2,230.0,0.994088,3.151,0.412,11.37,6,white
6.03,0.208,0.463,11.21,0.0294,35.5,103.9,0.992998,3.205,0.478,11.49,6,white
6.0,0.396,0.208,8.29,0.0404,18.0,47.8,0.99,3.424,0.549,12.06,7,white
8.74,0.641,0.106,1.09,0.0576,1.0,6.0,0.996862,3.175,0.33,10.62,6,red
8.85,0.584,0.175,0.9,0.0956,1.0,6.0,0.998396,3.351,0.434,10.73,5,red
8.8,0.346,0.163,7.57,0.1139,18.4,54.3,0.998569,3.453,0.495,10.36,6,red
10.0,0.618,0.235,0.9,0.0892,5.2,15.9,0.997733,3.22,0.787,10.09,5,red
9.36,0.3,0.611,4.04,0.1096,1.0,6.0,0.996596,3.71,0.532,8.51,5,red
9.16,0.765,0.641,2.62,0.0464,18.8,81.5,0.995453,3.357,0.728,11.81,5,red
8.21,0.332,0.199,3.25,0.0456,72.0,241.7,0.991504,2.994,0.504,9.94,6,white
5.58,0.244,0.25,12.39,0.0422,41.5,176.9,0.994698,3.05,0.45,9.87,7,white
5.82,0.675,0.011,0.9,0.1142,23.8,76.7,0.997246,3.122,0.744,9.75,6,red
7.23,0.284,0.356,3.48,0.036,23.5,93.4,0.992121,3.264,0.356,8.79,5,white
7.22,0.173,0.454,11.54,0.0309,27.3,95.7,0.997382,3.084,0.525,10.3,6,white
8.11,0.057,0.219,9.54,0.0618,1.0,6.0,0.99,3.193,0.545,11.02,6,white
8.43,0.304,0.213,5.14,0.0284,48.4,231.4,0.991501,3.482,0.476,9.55,5,white
6.61,0.081,0.393,9.99,0.01,13.5,47.7,0.99,3.195,0.488,11.65,7,white
7.34,0.181,0.234,12.54,0.0463,50.3,147.6,0.991792,3.238,0.411,9.96,5,white
6.87,0.103,0.258,0.9,0.0389,34.3,122.2,0.993536,3.473,0.545,8.56,5,white
6.29,0.115,0.107,3.96,0.0321,37.2,177.5,0.996495,3.085,0.497,12.05,6,white
9.08,0.854,0.464,1.53,0.012,30.1,146.2,0.997657,3.238,0.892,10.64,6,red
7.34,0.258,0.515,3.53,0.01,58.6,284.4,0.992214,3.12,0.585,11.44,6,white
6.97,0.254,0.206,4.94,0.0797,55.6,290.0,0.99,3.111,0.561,11.46,6,white
6.1,0.148,0.453,2.53,0.0682,34.5,171.7,0.990357,2.917,0.33,9.26,6,white
6.43,0.214,0.323,10.82,0.0312,19.7,106.6,0.994931,3.211,0.495,9.77,5,white
9.84,0.499,0.46,2.24,0.0705,1.0,6.0,0.996903,3.237,0.547,11.64,6,red
8.84,0.38,0.333,0.9,0.0461,6.6,21.2,0.99818,3.719,0.587,12.6,6,red
7.05,0.362,0.215,11.04,0.0567,8.6,37.1,0.997633,3.227,0.33,10.48,5,white
7.13,0.377,0.292,3.78,0.0311,43.5,134.5,0.99115,3.229,0.512,9.65,6,white
7.58,0.255,0.38,2.3,0.01,55.7,153.5,0.992828,2.993,0.568,12.42,6,white
6.11,0.095,0.552,22.61,0.0915,28.1,95.7,0.993082,3.233,0.478,9.65,6,white
6.34,0.204,0.158,1.31,0.066,41.9,150.3,0.998588,3.274,0.362,10.79,6,white
8.04,0.27,0.272,0.9,0.0485,27.9,129.2,0.994401,2.95,0.705,9.89,5,white
9.16,0.444,0.187,6.65,0.1046,5.2,18.6,0.992835,3.459,0.555,10.72,5,red
6.82,0.175,0.178,3.29,0.0587,53.6,134.5,0.996855,3.005,0.432,9.27,5,white
8.48,0.521,0.527,1.44,0.0147,7.8,40.7,0.999432,3.3,0.804,9.95,5,red
7.71,0.523,0.33,2.31,0.01,17.5,74.8,0.993251,3.22,0.33,9.65,6,white
6.89,0.339,0.232,0.97,0.1569,11.4,35.7,1.001146,3.074,0.988,11.19,6,red
7.69,0.28,0.332,1.23,0.035,50.7,165.2,0.996593,3.307,0.339,10.6,6,white
6.52,0.722,0.213,0.9,0.0748,21.9,63.0,0.999828,3.391,0.611,11.46,5,red
7.23,0.553,0.102,5.19,0.1672,7.6,39.6,0.995479,3.088,0.337,9.41,5,red
8.34,0.367,0.482,6.08,0.01,48.2,153.8,0.99,3.206,0.482,10.15,6,white
7.49,0.361,0.386,6.27,0.0153,26.5,140.9,0.996264,3.142,0.373,11.15,5,white
13.1,0.161,0.457,14.92,0.0838,18.1,59.5,0.996931,3.362,0.459,11.43,6,red
7.94,0.237,0.267,4.3,0.0484,52.0,254.6,0.991136,3.2,0.49,8.67,4,white
8.31,0.458,0.675,3.65,0.01,23.3,58.9,0.995473,3.146,0.671,10.78,6,red
6.36,0.362,0.0,3.54,0.0747,1.3,6.0,0.998302,3.213,0.792,9.42,5,red
7.92,0.395,0.0,1.49,0.1216,1.0,6.0,0.996168,3.364,0.618,11.49,5,red
6.06,0.058,0.318,2.04,0.0633,56.7,198.7,0.990816,3.315,0.468,12.63,6,white
7.27,0.325,0.356,2.8,0.0606,62.4,290.0,0.995196,3.235,0.344,8.0,5,white
7.43,0.222,0.172,0.9,0.0569,33.3,155.4,0.991315,2.844,0.637,9.61,5,white
8.89,0.37,0.242,6.24,0.0445,22.9,74.8,0.994743,3.309,0.684,10.72,6,white
6.21,0.321,0.415,6.84,0.0362,53.1,252.6,0.998432,3.182,0.602,10.4,5,white
7.95,0.106,0.431,6.3,0.0216,6.6,19.1,0.99,3.049,0.586,11.53,6,white
6.81,0.307,0.341,5.07,0.0201,39.2,206.9,0.99,3.036,0.684,10.49,5,white
7.93,0.556,0.425,1.9,0.1178,3.3,12.5,1.000053,3.082,0.671,9.76,5,red
8.61,0.547,0.396,1.46,0.0477,20.0,61.5,0.997277,3.031,0.927,9.18,5,red
9.34,0.627,0.541,8.89,0.124,5.1,16.9,0.99538,3.221,0.508,8.97,5,red
5.95,0.43,0.184,17.84,0.0596,19.0,56.3,0.991578,3.445,0.523,9.51,5,white
7.05,0.321,0.503,1.86,0.0406,37.9,200.3,0.994154,3.246,0.458,9.72,6,white
5.92,0.53,0.037,5.4,0.1202,13.4,45.9,0.997959,3.519,0.699,10.86,5,red
6.99,0.395,0.546,3.85,0.0391,30.0,87.9,0.994631,3.224,0.491,10.21,6,white
6.37,0.504,0.59,1.24,0.0631,45.5,224.7,0.99,3.277,0.48,9.62,5,white
9.62,0.752,0.334,7.03,0.1359,10.6,33.2,0.999487,3.444,0.613,9.19,5,red
10.47,0.453,0.221,1.44,0.0921,16.1,44.8,0.997655,3.214,0.882,9.56,5,red
8.22,0.701,0.188,3.38,0.0187,16.0,72.2,0.993744,3.381,0.541,9.72,5,red
6.97,0.417,0.415,3.16,0.1272,15.7,39.5,0.995442,3.487,0.934,9.5,5,red
7.02,0.282,0.409,0.9,0.0385,39.9,199.4,0.995287,3.183,0.664,11.21,6,white
5.68,0.497,0.342,3.89,0.0104,37.0,155.0,0.996982,3.243,0.493,12.04,6,white
8.03,0.373,0.115,0.91,0.01,16.1,52.1,0.992477,3.337,0.703,8.99,5,red
6.93,0.395,0.319,4.13,0.015,62.0,242.9,0.993358,3.145,0.434,11.74,6,white
9.35,0.593,0.124,6.09,0.0466,20.8,68.2,0.994947,3.279,0.692,11.23,6,red
9.25,0.373,0.232,0.9,0.0285,4.0,16.3,0.995092,3.628,0.686,10.62,6,red
7.98,0.517,0.247,2.31,0.1171,26.8,112.9,0.992817,3.396,0.933,12.23,6,red
6.9,0.225,0.41,5.88,0.0705,41.1,198.0,0.997646,3.145,0.464,10.2,6,white
7.41,0.338,0.315,0.9,0.0223,48.1,187.6,0.991802,3.239,0.542,10.88,5,white
5.64,0.289,0.472,2.78,0.0286,50.2,244.1,0.995905,3.167,0.399,10.55,5,white
8.82,0.463,0.535,10.82,0.1836,3.0,8.1,0.996104,3.166,0.877,10.46,5,red
5.94,0.427,0.188,9.21,0.0738,39.1,206.0,0.992524,2.892,0.542,10.95,6,white
5.67,0.534,0.245,10.68,0.143,21.2,64.8,0.99574,3.119,0.604,10.46,6,red
8.62,0.534,0.187,0.9,0.1018,12.2,60.9,0.992722,3.504,0.839,10.96,5,red
7.04,0.304,0.386,0.9,0.0271,34.0,135.4,0.992136,3.249,0.593,9.6,5,white
6.11,0.276,0.364,9.26,0.0465,6.7,18.7,0.996306,3.168,0.468,9.63,5,white
8.68,0.59,0.28,2.06,0.1077,11.0,39.4,0.997251,3.135,0.637,9.59,5,red
6.39,0.222,0.134,1.9,0.0443,61.5,290.0,0.993306,3.241,0.452,9.96,6,white
6.03,0.293,0.479,5.19,0.0424,21.8,109.2,0.994107,3.224,0.462,11.62,6,white
8.48,0.262,0.273,11.01,0.054,36.4,169.9,0.994461,3.155,0.527,9.85,6,white
7.65,0.134,0.461,2.6,0.0239,37.8,137.6,0.991227,3.174,0.739,11.18,6,white
7.32,0.489,0.099,1.66,0.0909,13.8,59.1,0.99547,3.109,0.815,10.72,6,red
6.49,0.236,0.181,3.36,0.0204,28.4,90.8,0.993186,3.367,0.55,9.87,6,white
9.52,0.2,0.096,4.67,0.1256,2.1,9.5,0.999467,3.368,0.891,11.97,7,red
7.77,0.759,0.559,0.9,0.0379,8.6,28.3,1.000104,3.328,0.64,11.28,5,red
7.05,0.407,0.305,28.31,0.0361,22.4,111.5,0.995759,3.184,0.525,10.4,6,white
4.33,0.195,0.255,0.9,0.0324,3.8,17.5,0.992766,3.384,0.59,10.3,6,white
6.94,0.424,0.343,1.43,0.1307,20.5,75.0,0.995895,3.325,0.664,10.51,6,red
6.95,0.203,0.407,3.43,0.0437,50.8,227.3,0.995281,3.09,0.485,8.56,5,white
7.07,0.197,0.54,5.5,0.0477,67.0,232.9,0.992519,3.025,0.387,9.41,6,white
7.67,0.221,0.073,1.87,0.0445,49.9,147.9,0.998376,3.185,0.442,10.96,6,white
11.59,0.49,0.068,1.19,0.0777,15.9,51.0,0.999821,3.486,0.712,8.5,5,red
8.85,0.59,0.476,1.7,0.0938,4.9,16.2,0.995986,3.123,0.872,9.5,5,red
7.54,0.54,0.317,0.9,0.1133,21.4,68.0,0.995255,3.201,0.62,9.93,6,red
8.17,0.841,0.361,3.04,0.1019,9.3,42.3,0.993733,3.369,0.845,13.88,6,red
9.21,0.15,0.317,0.9,0.0998,13.9,65.6,0.997189,3.168,0.7,11.21,5,red
6.16,0.598,0.332,3.05,0.0363,18.7,72.4,0.999159,2.957,0.81,11.72,6,red
7.64,0.399,0.181,0.9,0.1052,6.8,37.1,0.999259,3.34,0.824,9.43,5,red
10.65,0.106,0.231,2.05,0.1129,9.9,51.2,0.999457,3.444,0.5,10.83,6,red
7.78,0.313,0.472,2.42,0.0621,14.0,38.8,0.993737,3.178,0.38,8.29,5,white
6.43,0.264,0.144,4.46,0.0609,14.3,55.6,0.996581,3.18,0.433,10.0,6,white
8.52,0.412,0.038,3.58,0.13,24.7,129.2,0.999265,3.371,0.85,11.01,5,red
6.5,0.277,0.286,18.96,0.0439,27.9,88.3,0.9961,3.444,0.411,8.7,5,white
7.56,0.746,0.429,1.28,0.0668,5.1,18.6,0.995818,3.33,0.678,10.87,5,red
8.62,0.528,0.628,2.27,0.0741,34.1,181.9,1.000122,3.512,0.922,10.97,7,red
6.37,0.246,0.215,2.86,0.0814,42.8,206.9,0.995995,3.319,0.521,9.68,5,white
11.44,0.221,0.119,5.12,0.0733,14.7,73.6,0.996631,3.426,0.406,9.4,6,red
8.31,0.401,0.512,1.33,0.0974,33.5,172.2,0.997963,3.133,0.613,9.54,5,red
8.44,0.693,0.281,2.37,0.01,14.7,44.3,0.996865,3.191,0.863,9.98,5,red
8.27,0.358,0.331,2.04,0.031,35.5,163.0,0.994486,3.298,0.511,10.02,6,white
8.01,0.328,0.349,2.75,0.01,34.6,170.0,0.99109,3.18,0.515,11.01,5,white
6.51,0.554,0.03,10.35,0.183,14.9,47.5,0.997659,3.274,0.368,9.76,5,red
8.88,0.925,0.374,2.35,0.097,13.7,36.0,0.99948,3.664,0.785,12.32,6,red
10.11,0.453,0.461,0.9,0.0929,1.0,6.0,0.994843,3.464,0.414,12.31,6,red
6.81,0.296,0.407,9.1,0.0491,47.8,225.6,0.998514,3.246,0.481,10.68,5,white
8.35,0.554,0.223,2.79,0.1154,17.3,79.4,1.00151,3.225,0.604,9.99,5,red
7.46,0.448,0.271,0.9,0.057,1.0,6.0,0.99977,3.282,0.375,9.76,6,white
7.3,0.209,0.508,1.79,0.0187,43.7,150.7,0.993788,3.385,0.438,10.78,6,white
10.35,0.563,0.31,2.98,0.1486,17.8,77.7,0.996674,3.16,0.695,10.99,5,red
7.43,0.156,0.461,15.46,0.0452,15.8,40.8,1.001155,3.122,0.649,10.16,6,white
8.13,0.555,0.208,13.93,0.0839,26.6,141.4,0.997533,3.417,0.659,9.93,5,red
7.92,0.75,0.299,0.9,0.0814,20.4,85.0,0.999248,3.058,0.728,10.82,6,red
7.45,0.598,0.164,1.85,0.01,14.1,67.1,1.000378,3.173,0.764,10.48,5,red
6.13,0.228,0.33,1.46,0.0694,54.1,181.2,0.990995,2.994,0.434,9.71,5,white
6.11,0.286,0.322,36.78,0.0405,20.1,55.1,0.993011,3.054,0.519,10.54,6,white
6.26,0.155,0.301,1.64,0.0513,40.8,109.7,0.992335,3.064,0.553,9.67,6,white
7.03,0.533,0.273,1.11,0.1213,13.3,65.7,0.996658,3.363,0.739,9.5,6,red
6.03,0.523,0.061,3.16,0.0834,21.2,62.8,0.993304,3.393,0.772,10.39,5,red
5.67,0.069,0.359,5.18,0.0202,34.8,173.1,0.995349,3.344,0.415,9.71,5,white
7.74,0.357,0.466,0.9,0.1342,16.5,54.3,0.99791,3.559,0.611,9.52,5,red
11.26,0.746,0.376,0.9,0.0685,30.5,125.9,0.997479,3.361,1.081,11.65,6,red
6.08,0.264,0.41,2.62,0.0734,65.0,213.5,0.99822,3.02,0.493,9.93,5,white
7.15,0.41,0.165,1.83,0.0607,27.0,71.5,0.99,3.137,0.509,12.61,6,white
6.55,0.278,0.19,3.06,0.01,11.4,47.0,0.999795,3.206,0.584,11.15,6,white
9.35,0.647,0.307,0.9,0.0672,14.4,52.0,0.994417,3.337,0.602,9.42,5,red
9.81,0.63,0.222,0.9,0.0513,16.2,61.5,0.994095,3.237,0.631,11.79,5,red
9.64,0.382,0.191,8.88,0.0698,11.9,51.2,0.998055,3.404,0.592,9.54,6,red
6.12,0.272,0.222,14.57,0.0821,40.1,138.1,0.998753,3.339,0.33,12.77,7,white
10.42,0.877,0.535,0.9,0.0854,23.8,99.8,0.995774,3.247,0.813,10.67,5,red
8.5,0.575,0.25,4.93,0.0866,36.9,165.2,0.997625,3.286,0.626,11.05,5,red
8.69,0.692,0.551,0.9,0.0898,19.8,54.8,0.998035,3.235,1.189,10.44,6,red
5.47,0.313,0.635,12.42,0.0281,40.9,145.3,0.992275,3.257,0.496,10.72,5,white
5.57,0.377,0.326,7.85,0.0636,46.9,130.0,0.999668,3.359,0.501,10.13,5,white
6.47,0.271,0.2,11.53,0.0653,25.8,65.1,0.992851,3.323,0.409,9.29,5,white
9.2,0.629,0.584,4.81,0.0474,14.6,38.8,0.998375,3.323,0.678,10.81,5,red
6.52,0.228,0.309,3.57,0.0281,30.2,129.0,0.990869,3.123,0.561,11.63,6,white
8.77,0.287,0.118,0.9,0.153,1.0,6.0,0.995033,3.455,0.388,8.97,4,red
8.43,0.575,0.687,1.16,0.0835,9.7,49.6,0.994038,3.084,0.732,12.25,6,red
9.68,0.497,0.254,0.9,0.0249,18.7,89.2,0.996853,3.395,0.538,11.12,6,red
8.51,0.238,0.553,5.8,0.0429,43.1,109.0,0.993245,2.86,0.478,9.88,5,white
6.32,0.763,0.0,3.42,0.1674,24.3,102.7,0.998781,3.234,0.578,9.85,5,red
6.51,0.294,0.381,5.22,0.0682,42.8,108.3,0.99378,3.396,0.545,12.64,6,white
6.67,0.314,0.453,1.4,0.0323,43.0,121.6,0.998648,3.215,0.404,11.53,5,white
6.51,0.673,0.348,0.9,0.0136,20.8,113.9,0.995092,3.223,0.726,11.77,5,red
8.16,0.346,0.487,4.3,0.0256,29.3,113.4,0.996692,3.265,0.383,10.1,6,white
6.38,0.309,0.297,0.9,0.0678,32.6,84.2,0.99,3.409,0.417,11.07,5,white
8.36,0.693,0.375,0.9,0.0882,1.0,6.0,0.998915,3.376,0.789,10.82,5,red
5.7,0.316,0.032,11.77,0.0701,17.4,91.6,0.99,3.161,0.361,10.19,6,white
7.92,0.615,0.076,2.53,0.07,14.7,60.8,0.995907,3.421,0.615,10.53,6,red
10.25,0.45,0.564,1.62,0.0569,19.8,91.5,1.00081,3.556,1.179,11.73,6,red
6.43,0.256,0.438,6.17,0.0457,47.5,230.1,0.990897,3.19,0.64,12.32,6,white
6.07,0.234,0.32,12.13,0.0346,40.0,188.3,0.994868,2.925,0.742,10.1,5,white
10.06,0.481,0.15,2.25,0.1285,16.7,66.6,0.999638,3.24,0.589,8.82,5,red
9.69,0.301,0.185,2.14,0.0736,20.3,101.3,0.994456,3.326,0.702,12.37,6,red
7.12,0.183,0.244,1.65,0.0358,19.4,79.2,0.992783,3.343,0.473,12.39,6,white
4.34,0.447,0.096,1.74,0.1053,11.4,37.4,0.99606,3.69,0.604,10.88,6,red
6.91,0.237,0.195,3.97,0.0102,13.0,32.6,0.991304,3.182,0.586,12.55,6,white
5.84,0.283,0.405,1.13,0.0433,58.1,207.7,0.996298,3.212,0.64,10.79,6,white
6.46,0.37,0.365,2.69,0.0593,66.2,182.0,1.000297,3.369,0.577,9.31,5,white
7.33,0.62,0.491,1.92,0.0888,14.4,38.9,0.997929,3.345,0.62,8.83,5,red
7.55,0.256,0.28,4.68,0.0659,39.9,156.0,0.99218,3.413,0.533,8.81,4,white
8.51,0.563,0.492,9.17,0.152,14.3,76.4,0.997448,3.327,0.751,10.41,6,red
8.09,0.572,0.0,0.9,0.1177,15.9,44.7,0.996858,3.277,0.507,9.84,5,red
9.48,0.093,0.188,0.9,0.048,20.2,67.0,0.993923,3.149,0.816,9.71,5,red
10.11,0.646,0.405,6.73,0.1083,1.0,6.0,0.997666,3.491,0.356,10.27,5,red
5.57,0.268,0.198,4.56,0.0882,42.0,155.5,0.997,2.992,0.729,11.43,6,white
6.6,0.387,0.317,8.36,0.0511,52.6,251.1,0.993789,3.26,0.55,9.74,5,white
5.72,0.31,0.299,9.8,0.0321,22.5,92.7,0.996383,3.25,0.439,9.54,5,white
7.01,0.284,0.542,2.74,0.0229,11.5,49.5,0.99,3.227,0.498,9.82,5,white
6.84,0.295,0.203,7.35,0.01,42.4,126.5,0.99,3.243,0.415,11.51,6,white
6.55,0.464,0.37,1.31,0.0267,18.6,66.3,0.991795,2.97,0.43,10.32,6,white
7.67,0.297,0.199,2.73,0.0617,52.9,231.0,0.993153,3.118,0.498,10.74,6,white
6.35,0.229,0.263,3.67,0.0356,1.0,6.0,0.995002,3.146,0.454,12.26,6,white
7.06,0.089,0.363,6.46,0.0239,27.0,82.9,0.99591,3.197,0.387,13.81,7,white
5.29,0.417,0.067,1.8,0.1614,14.7,53.7,0.99861,3.522,0.514,11.17,6,red
5.61,0.233,0.329,10.48,0.0593,29.3,132.8,0.991784,3.051,0.345,11.05,7,white
7.36,0.693,0.479,0.97,0.0695,16.8,67.8,0.998556,3.515,0.6,8.98,4,red
8.31,0.701,0.316,0.9,0.0256,9.1,42.2,1.000008,3.552,0.811,10.84,5,red
7.3,0.315,0.436,9.52,0.0382,45.9,214.7,0.997238,3.229,0.674,10.47,6,white
8.47,0.683,0.368,0.9,0.1203,11.4,29.7,0.996968,3.155,0.392,11.47,6,red
6.94,0.488,0.154,7.31,0.1224,11.8,61.2,1.000613,2.987,0.847,9.93,6,red
6.58,0.493,0.0,0.9,0.0994,11.9,59.1,0.994224,3.367,0.824,10.64,6,red
10.33,0.413,0.094,2.52,0.1127,1.0,6.0,0.99647,3.164,0.914,11.13,7,red
7.06,0.169,0.407,7.27,0.0417,29.7,117.4,0.99709,3.163,0.619,12.68,6,white
6.56,0.304,0.368,6.47,0.0308,32.7,111.9,0.998364,3.096,0.535,12.28,7,white
6.58,0.089,0.386,14.07,0.057,29.3,153.1,0.99,2.967,0.67,11.92,6,white
6.72,0.133,0.291,3.98,0.0683,41.2,150.2,0.995733,3.1,0.486,11.27,6,white
7.24,0.221,0.202,2.29,0.0522,18.5,68.1,0.99,3.315,0.556,9.88,6,white
6.35,0.393,0.159,12.86,0.0258,21.6,113.0,0.996473,3.379,0.567,11.27,6,white
9.59,0.853,0.574,6.13,0.1243,9.6,41.3,0.999546,3.2,0.718,9.47,5,red
7.15,0.198,0.542,1.24,0.0587,28.2,82.2,0.995702,2.93,0.495,10.15,4,white
9.14,0.199,0.226,10.78,0.0719,28.8,126.2,0.996415,3.326,0.584,12.53,6,red
5.74,0.659,0.36,5.61,0.01,8.7,42.6,0.998643,3.149,0.898,11.05,5,red
5.88,0.201,0.231,4.05,0.0479,33.4,117.2,0.996671,2.988,0.459,10.67,6,white
9.54,0.481,0.259,3.05,0.1456,32.3,131.8,0.998708,3.286,0.683,10.83,5,red
6.45,0.253,0.066,2.7,0.0509,18.0,78.7,0.992859,3.045,0.445,10.29,6,white
6.35,0.291,0.302,11.28,0.0608,35.4,142.8,0.993777,3.121,0.546,8.0,5,white
8.41,0.26,0.0,4.45,0.1265,10.9,60.1,0.997321,3.32,0.579,8.88,5,red
8.63,0.452,0.283,0.9,0.1199,21.9,87.9,0.994454,3.236,0.823,11.14,5,red
6.48,0.403,0.29,4.16,0.0439,51.6,228.7,0.993128,3.068,0.552,9.3,6,white
6.88,0.446,0.097,7.72,0.0431,56.5,275.7,0.991635,3.192,0.402,10.27,5,white
8.76,0.753,0.35,2.82,0.0562,11.4,33.3,0.994903,3.439,0.33,8.93,5,red
6.46,0.39,0.497,13.55,0.0276,22.9,60.2,0.990169,3.208,0.599,9.54,6,white
5.99,0.335,0.288,3.35,0.057,29.1,158.0,0.99,3.173,0.531,10.39,5,white
5.88,0.377,0.321,18.07,0.0293,67.8,290.0,0.993076,3.176,0.379,11.51,6,white
9.74,0.55,0.194,0.9,0.0134,19.8,72.8,0.999505,3.398,0.558,11.75,6,red
7.05,0.261,0.174,6.39,0.0439,38.1,97.2,0.99,3.272,0.56,9.52,5,white
5.66,0.374,0.379,10.04,0.063,20.4,61.1,0.99471,3.039,0.353,10.77,5,white
6.14,0.567,0.413,2.61,0.1296,10.1,25.5,0.997997,3.248,0.693,8.69,5,red
7.41,0.437,0.365,6.85,0.0635,47.2,174.1,0.99047,3.09,0.466,10.47,5,white
7.58,0.3,0.261,5.33,0.0345,35.3,146.8,0.992706,3.148,0.491,11.54,6,white
7.04,0.269,0.141,0.9,0.054,26.2,78.0,0.997152,3.464,0.359,10.32,5,white
7.31,0.034,0.279,10.92,0.0612,30.1,133.1,0.991077,3.283,0.496,11.98,7,white
8.55,0.119,0.407,0.9,0.0109,55.3,290.0,0.994237,3.178,0.399,11.4,5,white
6.56,0.241,0.377,11.34,0.0824,46.4,253.6,0.99504,3.377,0.452,10.69,6,white
5.96,0.17,0.334,1.76,0.0949,44.1,220.4,0.991533,3.218,0.533,10.1,6,white
7.44,0.22,0.168,1.74,0.1373,7.6,29.1,0.994928,3.335,0.704,9.76,6,red
8.78,0.468,0.348,0.9,0.0896,17.2,71.0,0.99445,3.269,0.63,8.65,5,red
9.86,0.791,0.509,0.9,0.1652,32.2,128.9,0.998164,3.32,0.61,8.85,4,red
6.06,0.234,0.272,5.21,0.0379,53.2,157.7,1.00109,2.852,0.392,11.59,6,white
8.2,0.562,0.163,1.06,0.0469,25.6,129.9,0.99786,3.427,0.954,12.22,7,red
6.54,0.219,0.365,8.27,0.0662,51.6,233.7,0.99,3.359,0.352,9.1,5,white
7.78,0.325,0.263,1.3,0.0236,44.3,195.4,0.992833,2.952,0.399,10.48,6,white
8.49,0.547,0.211,1.41,0.1585,8.2,25.8,0.995335,3.114,0.663,8.51,5,red
5.23,0.37,0.463,3.47,0.0363,35.9,106.1,0.991053,3.202,0.56,9.23,4,white
8.53,0.365,0.241,4.68,0.0594,50.1,256.3,0.994199,3.297,0.401,10.71,5,white
7.69,0.561,0.157,0.9,0.0819,27.2,82.8,0.998468,3.173,0.33,9.78,5,red
8.06,0.339,0.153,0.9,0.01,16.6,45.2,0.997974,3.139,0.799,8.1,4,red
6.11,0.59,0.169,7.89,0.211,11.9,52.2,0.999175,3.127,0.878,12.46,6,red
7.43,0.745,0.268,4.07,0.0932,7.1,32.8,0.998826,3.238,0.543,10.34,5,red
9.27,0.489,0.027,0.94,0.04,18.6,53.0,0.997785,3.535,0.423,9.07,5,red
6.13,0.206,0.459,1.59,0.0224,32.3,100.9,0.991623,3.244,0.33,10.55,5,white
9.4,0.498,0.242,0.9,0.1827,3.7,17.8,0.99792,2.979,0.361,10.3,5,red
9.33,0.684,0.741,1.01,0.0775,24.0,126.9,0.996931,3.365,0.731,10.91,5,red
11.63,0.309,0.047,4.77,0.0823,12.2,48.0,0.995953,3.143,0.834,9.99,6,red
7.38,0.634,0.572,0.9,0.0982,12.0,58.6,0.999424,3.432,0.727,10.78,5,red
6.56,0.473,0.332,1.92,0.0312,47.9,165.8,0.992857,2.797,0.581,11.53,6,white
6.92,0.574,0.192,2.15,0.0545,22.3,102.6,0.995641,3.269,0.615,8.82,5,red
7.44,0.428,0.195,1.4,0.1708,16.7,69.5,0.998948,3.49,0.739,9.57,5,red
5.34,0.176,0.263,7.83,0.0403,18.4,92.7,0.993523,3.291,0.723,11.41,6,white
6.92,0.211,0.453,6.12,0.065,32.9,159.0,0.99,3.049,0.513,9.74,5,white
6.56,0.212,0.132,0.9,0.0534,25.3,84.9,1.00036,3.572,0.818,10.3,6,white
5.7,0.298,0.396,17.2,0.0732,42.1,124.1,0.993982,3.151,0.629,9.84,6,white
6.85,0.263,0.253,3.93,0.0348,36.6,180.2,0.99,3.038,0.496,9.91,5,white
6.56,0.231,0.418,2.48,0.0685,46.5,120.9,0.996963,3.162,0.522,9.81,6,white
6.43,0.244,0.328,2.3,0.0898,66.3,290.0,0.993849,3.047,0.455,8.89,6,white
6.05,0.299,0.282,0.9,0.1825,14.6,57.5,0.992984,3.23,0.738,10.95,6,red
7.35,0.262,0.284,20.89,0.056,25.2,68.7,0.996794,3.342,0.552,11.67,6,white
5.81,0.391,0.228,7.85,0.0245,42.8,195.6,0.99,3.267,0.446,10.19,5,white
6.85,0.129,0.431,3.25,0.0647,68.1,268.8,0.991858,3.267,0.338,11.54,6,white
6.15,0.315,0.204,6.06,0.0698,46.2,234.5,0.993102,3.382,0.635,9.81,5,white
6.49,0.418,0.298,1.62,0.0341,51.1,159.7,0.996557,3.263,0.597,9.74,5,white
8.21,0.384,0.423,7.33,0.1711,12.8,32.2,0.999719,3.221,0.471,10.89,6,red
7.23,0.227,0.524,30.05,0.0512,41.6,120.2,0.993266,3.296,0.509,10.91,7,white
8.48,0.887,0.404,2.58,0.1141,5.2,17.2,0.998714,3.13,0.705,10.26,5,red
7.06,0.182,0.301,2.14,0.0629,23.4,104.5,1.002245,3.118,0.592,11.21,6,white
7.12,0.278,0.363,1.18,0.0564,34.6,124.2,0.994014,3.183,0.414,8.86,6,white
7.25,0.326,0.224,0.9,0.0877,27.3,77.8,0.994834,3.308,0.686,10.04,5,red
6.63,0.644,0.461,3.47,0.0979,23.6,128.2,0.995072,3.139,0.816,11.56,5,red
7.29,0.523,0.331,2.54,0.1018,24.8,70.1,0.996251,3.12,0.751,11.55,7,red
7.78,0.154,0.244,0.9,0.0328,32.1,114.3,0.991861,3.187,0.389,11.4,6,white
6.4,0.279,0.138,5.12,0.045,46.9,240.8,0.994806,3.098,0.33,11.62,6,white
7.01,0.392,0.433,7.43,0.01,38.9,173.3,0.994721,3.359,0.404,9.95,5,white
5.18,0.583,0.276,0.9,0.0475,15.4,53.3,0.997169,3.255,0.517,8.35,4,red
7.73,0.289,0.347,11.64,0.0719,51.6,279.5,0.992697,3.022,0.467,10.09,7,white
6.69,0.382,0.247,1.48,0.0393,44.4,177.9,0.994724,3.199,0.562,11.16,5,white
9.53,0.513,0.415,6.88,0.0538,15.5,39.2,1.000095,3.237,0.416,11.36,6,red
7.37,0.41,0.427,0.9,0.1315,14.6,36.7,0.999673,3.028,0.607,9.77,6,red
5.51,0.088,0.298,16.49,0.0366,43.7,232.8,0.993475,3.129,0.443,9.24,6,white
8.73,0.662,0.155,6.98,0.1407,32.4,108.3,0.996785,3.323,0.859,9.36,6,red
12.04,0.652,0.397,11.07,0.057,2.9,14.6,0.995995,3.283,0.398,9.75,5,red
9.62,0.446,0.0,4.6,0.0479,26.4,69.5,0.997675,3.597,0.677,8.12,5,red
8.7,0.748,0.428,5.23,0.1404,11.3,33.3,0.996224,3.334,0.648,9.77,4,red
9.04,0.534,0.0,3.18,0.0931,27.7,140.4,0.993219,3.287,0.666,10.46,5,red
5.87,0.669,0.083,0.9,0.0775,11.7,64.0,0.998339,3.385,0.684,10.28,5,red
6.7,0.493,0.364,0.9,0.0355,12.6,33.5,1.000625,3.205,0.419,10.0,6,white
7.95,0.434,0.334,21.58,0.0458,40.5,121.7,0.993257,3.206,0.404,9.57,6,white
11.09,0.358,0.126,1.17,0.028,1.0,6.0,0.995683,2.976,0.871,9.71,6,red
7.44,0.209,0.113,1.26,0.0702,14.6,59.6,0.999578,3.137,0.5,9.73,6,white
7.06,0.29,0.169,1.69,0.0353,34.7,129.1,0.99671,3.32,0.599,11.25,6,white
8.7,0.439,0.093,3.52,0.1669,15.8,48.8,0.996748,3.022,0.59,10.4,6,red
6.17,0.609,0.26,0.9,0.0243,4.5,23.9,0.999438,3.565,0.495,14.2,6,red
8.17,0.335,0.198,4.78,0.1019,1.6,6.0,0.994123,3.532,0.572,10.0,6,red
6.7,0.111,0.488,8.38,0.0678,24.0,79.3,0.99871,3.16,0.459,10.93,6,white
6.02,0.326,0.248,18.21,0.0689,31.4,109.0,0.99474,3.394,0.639,10.03,6,white
7.65,0.314,0.0,1.55,0.1179,3.3,9.7,0.999212,3.334,0.775,10.0,5,red
5.91,0.284,0.273,9.38,0.0514,29.4,121.0,0.995579,3.149,0.544,12.27,7,white
7.62,0.305,0.412,2.25,0.0722,35.9,126.7,0.993024,3.158,0.378,11.6,6,white
8.39,0.303,0.315,8.14,0.1389,16.3,70.3,0.998799,3.203,0.993,8.29,6,red
7.94,0.378,0.479,2.43,0.0203,18.7,67.5,0.992821,3.305,0.33,9.17,5,white
5.5,0.205,0.271,1.11,0.0317,23.9,68.1,0.994796,2.969,0.484,10.24,6,white
8.32,0.274,0.452,1.13,0.0121,46.5,238.1,0.992633,3.32,0.532,9.78,6,white
5.54,0.235,0.105,8.39,0.0683,51.8,208.7,0.995308,3.2,0.612,8.59,5,white
5.84,0.112,0.486,1.07,0.0118,42.1,145.7,0.995206,3.273,0.4,10.54,6,white
7.75,0.577,0.226,1.59,0.1469,20.1,51.3,0.996598,3.305,0.543,8.15,4,red
9.67,0.424,0.0,3.59,0.0321,19.3,83.0,0.996833,3.404,0.731,10.55,6,red
6.98,0.109,0.086,0.9,0.01,1.4,6.8,0.992302,3.006,0.462,11.28,6,white
10.09,0.449,0.329,0.9,0.1277,14.9,66.2,0.998777,3.569,0.924,11.45,6,red
6.17,0.274,0.493,0.9,0.0211,25.3,123.0,0.99,3.243,0.33,10.23,5,white
13.07,0.231,0.077,0.9,0.1704,6.2,18.5,0.997114,3.439,0.779,12.21,6,red
7.71,0.184,0.416,0.9,0.0441,51.4,278.3,0.991043,3.109,0.485,10.8,6,white
7.44,0.137,0.334,0.9,0.0454,8.0,25.0,0.9943,3.065,0.474,11.41,6,white
6.96,0.54,0.051,1.2,0.128,6.4,21.2,0.993468,3.647,0.586,9.52,5,red
7.12,0.413,0.353,11.03,0.0293,51.0,205.8,0.99,2.985,0.583,12.23,5,white
5.92,0.634,0.253,1.81,0.0645,4.2,10.6,0.996815,3.279,0.422,10.4,5,red
5.8,0.23,0.337,9.38,0.0371,33.7,128.9,0.993306,3.173,0.33,12.29,6,white
7.17,0.49,0.522,8.12,0.0378,58.7,181.1,0.998341,3.5,0.534,12.03,6,white
6.5,0.207,0.39,1.77,0.0709,1.5,7.0,0.992419,2.936,0.489,10.71,5,white
6.35,0.314,0.316,2.64,0.0922,42.6,203.2,0.999094,3.24,0.462,10.89,6,white
5.92,0.386,0.601,11.41,0.0381,53.6,233.0,0.990545,3.081,0.624,10.18,5,white
7.56,0.382,0.469,27.2,0.0159,33.5,126.1,0.994528,3.223,0.54,9.42,6,white
11.96,0.839,0.311,2.69,0.1036,9.8,33.5,0.996139,3.304,0.737,11.11,4,red
7.2,0.209,0.368,6.38,0.0493,36.8,183.1,1.001802,3.345,0.508,11.05,5,white
6.29,0.31,0.418,12.74,0.0438,21.7,87.1,0.993252,3.344,0.583,8.46,4,white
7.41,0.271,0.462,5.31,0.1542,11.8,47.0,0.99462,3.338,0.453,10.3,6,red
5.73,0.204,0.068,2.5,0.0937,47.1,133.8,0.995352,3.406,0.393,11.44,6,white
7.43,0.676,0.154,0.9,0.0702,18.8,59.3,1.002173,3.194,0.65,12.16,6,red
4.78,0.322,0.311,11.15,0.0338,9.1,32.5,0.995553,3.399,0.36,11.27,5,white
7.77,0.628,0.324,3.44,0.0633,25.7,118.2,0.998546,3.504,0.643,8.58,5,red
6.54,0.348,0.307,9.81,0.0335,26.3,132.3,0.996005,3.333,0.501,9.13,5,white
9.12,0.659,0.522,1.55,0.0635,26.9,147.4,0.999364,3.133,0.925,9.98,6,red
5.36,0.227,0.113,6.91,0.0589,36.2,137.0,0.995558,3.06,0.45,12.08,6,white
7.95,0.819,0.225,2.62,0.1204,25.5,98.4,0.999347,3.176,0.667,9.67,4,red
6.97,0.406,0.385,12.45,0.0871,35.3,169.6,0.99275,3.027,0.593,11.67,6,white
8.22,0.256,0.04,8.22,0.0523,16.9,58.4,0.99,3.125,0.479,9.65,6,white
6.96,0.278,0.261,3.08,0.01,43.2,178.0,0.99071,2.905,0.5,11.04,6,white
6.49,0.509,0.566,4.24,0.1517,17.4,78.9,0.995973,3.248,0.679,9.27,5,red
7.61,0.487,0.0,0.9,0.1479,14.8,47.4,0.997944,3.355,0.745,10.17,5,red
9.52,0.576,0.21,1.34,0.1921,3.7,12.4,0.994062,3.244,0.558,9.04,4,red
6.87,0.388,0.456,8.02,0.0559,17.9,63.9,0.993929,3.235,0.515,12.13,5,white
10.57,0.721,0.176,6.22,0.1076,9.3,39.3,0.994646,3.221,0.652,9.57,5,red
7.38,0.289,0.313,3.33,0.0153,39.4,130.3,0.99471,3.039,0.544,8.54,5,white
8.38,0.59,0.58,4.06,0.0576,26.6,83.1,0.99795,3.434,0.536,8.45,5,red
7.51,0.065,0.163,2.49,0.0458,39.8,117.4,0.996982,3.353,0.409,10.3,6,white
6.78,0.547,0.239,0.9,0.084,8.1,39.8,0.996053,3.335,0.925,9.85,6,red
6.63,0.288,0.233,2.23,0.0271,55.3,285.4,0.998744,3.378,0.426,11.18,6,white
9.15,0.607,0.233,1.51,0.0468,1.0,6.0,0.994855,3.351,0.823,10.12,5,red
6.99,0.431,0.227,6.05,0.0418,13.8,68.7,0.99464,3.325,0.67,11.8,5,red
8.4,0.563,0.451,0.9,0.0981,23.0,67.1,0.997316,3.289,0.833,9.94,4,red
8.68,0.621,0.101,9.56,0.1207,12.6,35.3,0.99656,3.137,0.72,11.63,6,red
7.02,0.454,0.42,3.94,0.0457,6.2,24.7,0.996394,3.352,0.428,9.26,5,white
6.1,0.218,0.298,2.3,0.0578,37.6,152.9,0.996161,3.224,0.33,8.6,4,white
6.78,0.347,0.402,8.07,0.0406,37.9,177.8,0.993627,3.141,0.498,9.41,5,white
5.7,0.299,0.312,7.68,0.0476,3.7,11.9,0.99431,3.206,0.448,9.05,4,white
6.88,0.268,0.277,1.05,0.0458,41.6,220.2,0.993606,3.256,0.674,8.91,5,white
8.66,0.832,0.065,0.9,0.0827,9.3,31.9,0.997013,3.424,0.368,10.9,5,red
7.61,0.476,0.04,6.07,0.1686,17.2,72.7,0.99659,3.307,0.454,10.08,6,red
8.21,0.382,0.093,0.9,0.0877,10.7,54.3,0.997206,3.311,0.442,10.57,6,red
12.43,0.328,0.058,0.95,0.1312,35.7,145.5,0.995277,3.184,0.703,11.03,6,red
7.23,0.278,0.298,10.89,0.0624,42.5,202.2,0.997257,3.204,0.436,8.38,5,white
6.63,0.417,0.158,6.28,0.0301,6.6,31.5,0.996388,3.426,0.609,11.08,5,white
6.57,0.309,0.203,5.84,0.059,19.6,95.5,0.993161,2.781,0.572,8.95,5,white
8.32,0.27,0.219,26.57,0.0552,28.3,139.5,0.991959,3.098,0.33,9.71,5,white
9.64,0.625,0.202,0.9,0.073,16.2,59.5,0.994437,3.077,0.687,8.13,6,red
7.66,0.405,0.475,1.98,0.0348,59.9,215.2,0.991075,2.985,0.359,11.19,5,white
8.82,0.678,0.424,3.06,0.1079,2.8,13.8,0.993882,3.348,0.684,8.37,5,red
10.05,0.732,0.241,2.53,0.1907,18.5,78.4,0.99353,3.2,0.847,8.96,6,red
10.41,0.462,0.47,17.99,0.1074,4.3,18.6,0.993712,3.061,0.481,9.05,5,red
8.92,0.549,0.051,1.15,0.0716,17.6,65.6,0.996934,3.117,0.33,10.25,5,red
5.83,0.277,0.485,6.97,0.0706,24.0,74.6,0.996262,3.495,0.506,10.21,6,white
9.84,0.411,0.161,1.11,0.1425,14.1,54.4,0.999285,3.131,0.353,11.37,5,red
7.14,0.453,0.037,2.06,0.0867,26.0,140.4,0.999126,3.317,0.883,10.27,6,red
7.22,0.348,0.358,7.64,0.0536,55.7,187.8,0.993517,3.425,0.502,11.56,6,white
5.94,0.253,0.323,5.28,0.0309,38.1,126.2,0.995836,3.183,0.331,10.86,5,white
6.88,0.43,0.195,6.06,0.0411,56.3,162.7,0.99649,3.479,0.357,9.27,5,white
5.62,0.358,0.392,3.23,0.0125,26.1,103.0,0.996066,3.091,0.33,9.6,6,white
6.61,0.334,0.308,9.1,0.01,72.0,242.3,0.997629,3.407,0.622,12.21,6,white
7.79,0.271,0.0,0.9,0.0445,5.4,24.5,0.994638,3.216,0.787,11.87,7,red
8.18,0.544,0.12,1.94,0.0641,36.0,104.5,0.999288,3.318,0.799,11.39,5,red
8.56,0.576,0.185,2.64,0.052,14.9,48.4,0.992859,3.118,0.854,11.55,7,red
7.98,0.481,0.193,0.9,0.0533,1.0,6.0,0.99748,3.381,0.433,10.96,5,red
6.27,0.379,0.315,0.9,0.0268,44.2,116.1,0.991665,2.838,0.374,10.8,5,white
6.05,0.297,0.437,9.46,0.0382,19.2,94.9,0.9946,3.279,0.381,10.46,6,white
5.75,0.472,0.356,1.96,0.047,18.7,97.6,0.995647,3.261,0.485,12.44,7,white
7.67,0.39,0.224,2.58,0.0407,31.5,151.0,0.993455,3.202,0.643,9.84,6,white
6.51,0.217,0.369,0.9,0.0285,53.8,274.1,0.992513,3.172,0.642,10.69,5,white
5.04,0.513,0.373,2.88,0.0555,3.9,10.7,1.000608,3.394,0.436,8.35,5,white
6.3,0.07,0.391,4.38,0.0491,28.8,149.8,0.992369,3.235,0.33,8.68,5,white
7.53,0.344,0.454,5.92,0.0536,57.3,223.2,0.990942,3.107,0.362,12.58,6,white
9.13,0.629,0.335,1.17,0.1081,11.2,53.7,0.996954,3.452,0.637,11.14,6,red
8.0,0.468,0.41,6.83,0.0412,56.3,244.8,0.996547,3.497,0.515,10.14,5,white
7.75,0.495,0.439,2.71,0.1089,16.7,59.4,0.994424,3.636,0.854,10.49,5,red
7.2,0.201,0.316,7.01,0.0776,19.4,64.0,0.994588,3.132,0.443,8.77,4,white
10.11,0.746,0.281,4.84,0.0856,17.5,50.0,0.999841,3.18,0.595,9.89,6,red
7.16,0.209,0.504,2.56,0.01,66.8,249.9,0.994254,3.26,0.358,8.65,5,white
6.72,0.613,0.207,2.41,0.1264,3.0,11.9,0.99682,3.451,0.479,10.05,5,red
7.77,0.955,0.153,0.9,0.0855,1.0,6.0,0.99833,3.191,0.687,11.22,5,red
7.74,0.205,0.119,8.7,0.0213,11.2,29.2,0.99596,3.188,0.4,10.94,6,white
6.7,0.912,0.62,3.04,0.13,5.6,23.8,0.995464,3.719,0.421,12.31,5,red
7.58,0.319,0.228,9.65,0.0418,12.0,48.8,0.993723,3.309,0.509,10.75,5,white
8.49,0.771,0.248,0.9,0.1456,8.9,22.8,0.994488,3.449,0.923,8.0,4,red
7.92,0.472,0.469,0.9,0.01,8.7,30.2,0.996442,3.547,0.668,12.74,6,red
12.54,0.682,0.255,1.69,0.1777,1.0,6.0,0.999789,3.686,0.642,9.39,5,red
6.31,0.333,0.345,0.9,0.0431,40.1,159.5,0.996024,3.242,0.361,10.59,5,white
6.1,0.353,0.139,0.9,0.01,21.4,68.4,0.991599,3.228,0.631,10.52,6,white
7.35,0.501,0.163,4.4,0.1071,15.0,38.9,0.991314,3.192,0.859,10.69,5,red
9.29,0.145,0.35,4.33,0.1398,20.0,67.8,0.995388,3.314,0.676,10.46,5,red
7.17,0.38,0.34,8.42,0.063,57.9,290.0,0.994236,3.224,0.461,10.48,5,white
6.41,0.548,0.054,2.85,0.0446,17.5,86.3,0.991532,3.062,0.591,8.81,4,white
8.42,0.491,0.082,1.98,0.0716,9.9,30.2,0.996766,3.07,0.822,13.5,6,red
7.16,1.056,0.146,0.96,0.0767,1.0,6.0,0.997185,3.375,0.762,11.18,6,red
6.78,0.839,0.446,0.9,0.01,18.2,95.8,0.995633,3.377,0.33,10.46,4,red
10.06,0.271,0.453,1.13,0.0891,22.7,68.4,0.996685,3.154,0.659,12.61,6,red
6.71,0.33,0.212,5.85,0.0394,72.0,207.8,0.995565,3.306,0.627,9.11,5,white
6.54,0.272,0.484,2.51,0.01,34.8,89.2,0.99647,3.258,0.402,11.44,5,white
7.17,0.35,0.325,12.19,0.0218,21.0,63.5,1.000449,3.052,0.384,9.73,6,white
6.74,0.253,0.521,1.52,0.0288,27.4,135.6,0.995997,3.306,0.449,10.88,7,white
8.13,0.58,0.347,0.9,0.075,32.4,160.4,0.992192,3.326,0.684,10.91,6,red
5.95,0.226,0.084,2.12,0.0606,32.2,132.8,1.000119,3.172,0.374,8.0,4,white
8.29,0.344,0.003,1.24,0.077,12.7,44.6,0.995007,3.424,0.687,8.68,4,red
8.25,0.561,0.12,0.9,0.0107,13.9,68.6,0.9985,3.416,0.674,12.3,7,red
5.45,0.231,0.285,2.66,0.01,50.4,155.4,0.990909,3.078,0.541,10.1,5,white
6.05,0.402,0.48,0.9,0.1224,19.0,55.6,0.997839,3.119,0.592,12.8,6,red
6.35,0.337,0.525,2.06,0.0538,31.5,87.3,0.996514,3.275,0.386,11.97,6,white
6.1,0.26,0.267,0.9,0.0486,38.5,194.4,0.99,3.19,0.477,10.14,6,white
5.88,0.392,0.519,7.14,0.0331,22.7,105.3,0.993643,3.42,0.463,10.03,6,white
7.6,0.188,0.278,6.4,0.0442,41.8,182.8,0.996343,2.996,0.465,12.38,5,white
8.53,0.822,0.462,2.27,0.1067,15.6,73.1,0.997214,3.363,0.818,12.92,6,red
5.74,0.405,0.366,3.4,0.1266,1.0,6.0,0.995935,3.237,0.648,10.06,6,red
6.9,0.32,0.321,1.38,0.0639,32.4,118.5,0.996601,3.244,0.386,12.25,6,white
8.06,0.194,0.322,27.86,0.052,53.5,264.6,0.99146,3.367,0.477,11.64,7,white
7.24,0.414,0.176,11.03,0.0562,30.6,160.8,0.99054,3.043,0.456,11.84,5,white
8.51,0.389,0.25,2.03,0.0866,34.4,139.0,0.993057,3.31,0.381,10.52,5,red
7.09,0.877,0.368,1.24,0.1524,15.5,44.6,0.997182,3.143,0.664,9.59,6,red
8.42,0.226,0.229,3.01,0.0884,1.0,6.0,0.996214,3.411,1.144,9.13,5,red
7.01,0.042,0.265,2.92,0.0302,6.0,22.3,0.994659,3.19,0.33,8.83,5,white
7.19,0.388,0.28,17.95,0.01,20.2,70.0,0.990342,3.197,0.425,12.69,6,white
6.1,0.194,0.338,5.24,0.0419,41.6,118.9,0.996916,3.071,0.363,10.41,6,white
6.61,0.77,0.064,0.9,0.0567,31.2,79.3,0.998072,3.504,0.746,9.03,5,red
6.39,0.184,0.294,0.9,0.0771,23.8,102.5,0.99478,3.062,0.682,11.6,6,white
8.89,0.399,0.309,1.55,0.0437,24.3,105.4,0.995165,3.331,0.748,9.83,6,red
10.57,0.638,0.0,8.46,0.0762,12.8,41.1,0.996656,3.434,0.569,9.62,5,red
8.62,0.866,0.122,0.9,0.1782,26.0,77.6,0.996081,3.122,0.417,12.88,5,red
6.47,0.463,0.307,3.06,0.0472,20.6,83.9,0.992777,3.378,0.536,8.8,5,white
7.72,0.269,0.287,3.27,0.0412,68.2,259.5,0.996283,2.889,0.444,10.68,5,white
8.9,0.599,0.497,2.96,0.1599,12.2,41.5,0.997506,3.046,0.496,9.69,4,red
7.8,0.241,0.339,11.76,0.0687,12.4,39.0,0.995254,2.893,0.511,9.5,5,white
7.21,0.429,0.44,0.9,0.0788,72.0,290.0,0.999031,3.186,0.486,8.64,4,white
10.31,0.49,0.811,5.84,0.0654,29.0,158.0,0.99862,3.139,0.381,10.47,5,red
9.29,0.178,0.546,1.71,0.1812,10.9,39.0,0.999309,3.258,0.79,9.35,5,red
7.44,0.226,0.455,2.45,0.0788,63.6,290.0,0.991669,3.273,0.508,11.11,6,white
7.18,0.434,0.355,1.83,0.0213,45.4,231.6,0.996175,3.337,0.377,10.34,6,white
4.97,0.299,0.375,4.35,0.0844,51.6,133.1,0.993183,3.146,0.527,10.02,6,white
8.32,0.665,0.0,1.92,0.0737,13.5,70.7,0.992194,3.307,0.679,9.36,4,red
7.91,0.149,0.197,4.13,0.0778,47.5,189.8,0.998989,2.965,0.474,12.12,6,white
5.8,0.179,0.63,5.13,0.0601,34.4,143.5,0.999429,3.035,0.484,11.28,6,white
4.98,0.471,0.478,8.89,0.0396,16.3,67.3,0.997205,3.358,0.743,9.58,4,red
8.55,0.594,0.162,1.23,0.1106,9.7,31.4,0.99425,3.37,0.46,8.77,4,red
6.22,0.25,0.185,5.44,0.0518,28.3,136.9,0.999591,3.206,0.356,8.13,4,white
6.44,0.404,0.3,9.78,0.0953,17.8,83.5,0.995274,3.448,0.479,11.76,6,red
6.34,0.352,0.447,17.2,0.0381,43.5,121.3,0.995262,2.995,0.416,11.49,7,white
8.46,0.167,0.602,0.9,0.0585,48.9,204.9,0.994315,3.298,0.598,11.66,5,white
7.96,0.325,0.108,1.7,0.0701,8.5,45.9,0.996028,3.314,0.651,10.26,6,red
6.16,0.317,0.372,10.71,0.0182,69.0,290.0,0.99276,3.412,0.364,11.37,5,white
6.0,0.253,0.356,0.9,0.0645,52.9,231.6,0.996033,3.272,0.489,11.63,5,white
7.77,0.32,0.45,8.04,0.0563,31.5,97.5,0.992657,3.335,0.456,10.32,6,white
6.61,0.29,0.596,13.91,0.0395,42.7,151.2,0.995299,3.085,0.541,9.97,7,white
6.3,0.33,0.513,1.76,0.0606,59.0,174.2,0.99404,3.517,0.501,9.23,5,white
11.5,0.354,0.399,0.9,0.1061,8.6,42.6,0.99621,3.139,0.691,10.91,6,red
7.26,0.341,0.393,22.32,0.0743,69.2,290.0,0.998863,3.255,0.5,11.07,6,white
6.06,0.383,0.405,2.42,0.0483,21.8,114.2,0.995782,3.366,0.466,9.91,5,white
